0.909204   ,0.740401
0.910252   ,0.741011
0.911303   ,0.741624
0.912359   ,0.74224
0.913418   ,0.742858
0.91448    ,0.74348
0.915547   ,0.744105
0.916617   ,0.744732
0.917691   ,0.745362
0.918769   ,0.745996
0.849068   ,0.252252
0.854884   ,0.256774
0.860709   ,0.261302
0.866541   ,0.265836
0.872382   ,0.270376
0.878232   ,0.274921
0.88409    ,0.279473
0.889957   ,0.284031
0.895832   ,0.288594
0.901716   ,0.293163
0.831262   ,0.278623
0.83661    ,0.282766
0.841965   ,0.286914
0.847329   ,0.291067
0.852701   ,0.295226
0.85808    ,0.299391
0.863468   ,0.303561
0.868863   ,0.307737
0.874267   ,0.311918
0.879678   ,0.316105
0.747995   ,0.335615
0.751883   ,0.338579
0.755778   ,0.341547
0.759679   ,0.344519
0.763586   ,0.347496
0.767499   ,0.350477
0.771419   ,0.353463
0.775345   ,0.356453
0.779277   ,0.359448
0.783216   ,0.362447
0.787162   ,0.36545
0.791113   ,0.368459
0.795071   ,0.371471
0.799036   ,0.374489
0.803007   ,0.377511
0.806984   ,0.380537
0.810968   ,0.383568
0.814959   ,0.386604
0.818956   ,0.389644
0.822959   ,0.392689
0.826969   ,0.395738
0.830986   ,0.398792
0.835009   ,0.401851
0.839038   ,0.404915
0.843075   ,0.407983
0.847118   ,0.411055
0.851167   ,0.414133
0.855224   ,0.417215
0.859286   ,0.420302
0.863356   ,0.423393
0.575837   ,0.331766
0.578046   ,0.333387
0.580259   ,0.335011
0.582476   ,0.336638
0.584698   ,0.338268
0.586924   ,0.339901
0.589154   ,0.341538
0.591389   ,0.343177
0.593628   ,0.344819
0.595871   ,0.346465
0.598119   ,0.348114
0.600371   ,0.349766
0.602627   ,0.351421
0.604888   ,0.353079
0.607153   ,0.35474
0.609422   ,0.356405
0.611696   ,0.358073
0.613974   ,0.359744
0.616257   ,0.361418
0.618544   ,0.363095
0.624026   ,0.50124
0.624852   ,0.501721
0.625682   ,0.502204
0.626515   ,0.50269
0.62735    ,0.503178
0.628189   ,0.503668
0.62903    ,0.504161
0.629875   ,0.504655
0.630722   ,0.505152
0.631573   ,0.505652
0.632426   ,0.506154
0.633283   ,0.506658
0.634143   ,0.507164
0.635005   ,0.507673
0.635871   ,0.508184
0.63674    ,0.508697
0.637611   ,0.509213
0.638486   ,0.509731
0.639364   ,0.510251
0.640245   ,0.510773
0.641129   ,0.511298
0.642016   ,0.511826
0.642906   ,0.512356
0.643799   ,0.512888
0.644695   ,0.513422
0.645594   ,0.513959
0.646497   ,0.514498
0.647402   ,0.515039
0.648311   ,0.515583
0.649223   ,0.516129
0.677618   ,0.565882
0.678269   ,0.56621
0.678924   ,0.566541
0.679581   ,0.566873
0.680241   ,0.567208
0.680904   ,0.567545
0.68157    ,0.567884
0.682239   ,0.568226
0.682911   ,0.56857
0.683586   ,0.568916
0.696639   ,0.555579
0.697594   ,0.556152
0.698552   ,0.556728
0.699514   ,0.557306
0.700479   ,0.557886
0.701447   ,0.558469
0.702418   ,0.559054
0.703392   ,0.559642
0.70437    ,0.560232
0.705351   ,0.560825
0.706336   ,0.561421
0.707324   ,0.562019
0.708315   ,0.562619
0.709309   ,0.563222
0.710307   ,0.563827
0.711308   ,0.564435
0.712312   ,0.565046
0.71332    ,0.565659
0.71433    ,0.566275
0.715345   ,0.566893
0.716362   ,0.567514
0.717383   ,0.568137
0.718408   ,0.568763
0.719435   ,0.569391
0.720466   ,0.570022
0.721501   ,0.570656
0.722539   ,0.571292
0.72358    ,0.57193
0.724624   ,0.572572
0.725672   ,0.573215
0.726724   ,0.573862
0.727778   ,0.574511
0.728837   ,0.575163
0.729898   ,0.575817
0.730963   ,0.576474
0.732032   ,0.577133
0.733103   ,0.577795
0.734179   ,0.57846
0.735258   ,0.579127
0.73634    ,0.579797
0.737425   ,0.58047
0.738514   ,0.581145
0.739607   ,0.581823
0.740703   ,0.582503
0.741802   ,0.583186
0.742905   ,0.583872
0.744012   ,0.58456
0.745122   ,0.585251
0.746235   ,0.585945
0.747352   ,0.586641
0.623327   ,0.367398
0.625619   ,0.369078
0.627915   ,0.370761
0.630216   ,0.372448
0.632521   ,0.374137
0.634831   ,0.37583
0.637145   ,0.377527
0.639464   ,0.379226
0.641787   ,0.380929
0.644115   ,0.382635
0.646447   ,0.384344
0.648783   ,0.386056
0.651125   ,0.387772
0.65347    ,0.389491
0.655821   ,0.391213
0.658176   ,0.392939
0.660535   ,0.394668
0.662899   ,0.3964
0.665268   ,0.398136
0.667641   ,0.399875
0.670018   ,0.401617
0.672401   ,0.403363
0.674788   ,0.405112
0.67718    ,0.406864
0.679576   ,0.40862
0.681977   ,0.410379
0.684382   ,0.412141
0.686793   ,0.413907
0.689208   ,0.415676
0.691627   ,0.417449
0.694052   ,0.419225
0.696481   ,0.421004
0.698914   ,0.422787
0.701353   ,0.424573
0.703796   ,0.426363
0.706244   ,0.428156
0.708697   ,0.429952
0.711154   ,0.431752
0.713617   ,0.433556
0.716084   ,0.435363
0.718555   ,0.437173
0.721032   ,0.438987
0.723514   ,0.440804
0.726      ,0.442625
0.728491   ,0.44445
0.730987   ,0.446277
0.733488   ,0.448109
0.735993   ,0.449944
0.738504   ,0.451782
0.741019   ,0.453624
0.74354    ,0.45547
0.746065   ,0.457319
0.748595   ,0.459172
0.75113    ,0.461028
0.75367    ,0.462888
0.756215   ,0.464751
0.758765   ,0.466618
0.76132    ,0.468488
0.76388    ,0.470363
0.766445   ,0.47224
0.769014   ,0.474122
0.771589   ,0.476007
0.774169   ,0.477895
0.776754   ,0.479788
0.779344   ,0.481684
0.781939   ,0.483583
0.784539   ,0.485487
0.787144   ,0.487393
0.789754   ,0.489304
0.792369   ,0.491218
0.794989   ,0.493136
0.797615   ,0.495058
0.800245   ,0.496983
0.802881   ,0.498913
0.805521   ,0.500845
0.808167   ,0.502782
0.810818   ,0.504722
0.813475   ,0.506666
0.816136   ,0.508614
0.818803   ,0.510566
0.666157   ,0.695711
0.665266   ,0.694779
0.664376   ,0.693848
0.663487   ,0.692919
0.6626     ,0.69199
0.661714   ,0.691063
0.66083    ,0.690137
0.659947   ,0.689213
0.659065   ,0.688289
0.658184   ,0.687367
0.990451   ,1.5064
0.983885   ,1.50077
0.977315   ,1.49513
0.970742   ,1.48949
0.964165   ,1.48386
0.957584   ,1.47821
0.951      ,1.47257
0.944411   ,1.46693
0.937819   ,1.46128
0.931223   ,1.45563
0.640314   ,0.354101
0.642922   ,0.356036
0.645535   ,0.357975
0.648152   ,0.359918
0.650775   ,0.361864
0.653402   ,0.363813
0.656034   ,0.365766
0.658671   ,0.367723
0.661313   ,0.369682
0.663959   ,0.371646
0.629983   ,0.361623
0.632405   ,0.363408
0.634831   ,0.365196
0.637262   ,0.366988
0.639698   ,0.368783
0.642139   ,0.370582
0.644584   ,0.372384
0.647033   ,0.374189
0.649487   ,0.375998
0.651946   ,0.37781
0.648373   ,0.446544
0.650045   ,0.447712
0.65172    ,0.448883
0.6534     ,0.450057
0.655083   ,0.451234
0.656771   ,0.452413
0.658462   ,0.453596
0.660157   ,0.454781
0.661856   ,0.455969
0.663559   ,0.45716
0.565012   ,0.216352
0.568382   ,0.218925
0.571758   ,0.221502
0.575139   ,0.224083
0.578525   ,0.226667
0.581917   ,0.229255
0.585315   ,0.231847
0.588717   ,0.234443
0.592126   ,0.237043
0.595539   ,0.239646
0.389909   ,-0.223112
0.396362   ,-0.217985
0.402824   ,-0.212852
0.409293   ,-0.207714
0.415771   ,-0.20257
0.422257   ,-0.197421
0.428751   ,-0.192266
0.435254   ,-0.187105
0.441764   ,-0.181939
0.448283   ,-0.176768
0.146813   ,-0.811016
0.157303   ,-0.802542
0.167804   ,-0.794061
0.178316   ,-0.785572
0.188841   ,-0.777075
0.199377   ,-0.768571
0.209925   ,-0.760059
0.220485   ,-0.751539
0.231057   ,-0.743011
0.241641   ,-0.734475
0.252236   ,-0.725932
0.262844   ,-0.717381
0.273463   ,-0.708822
0.284095   ,-0.700254
0.294739   ,-0.691679
0.305395   ,-0.683096
0.316063   ,-0.674505
0.326743   ,-0.665906
0.337435   ,-0.657299
0.34814    ,-0.648684
-0.289367  ,-1.4122
-0.276627  ,-1.40181
-0.263873  ,-1.39141
-0.251107  ,-1.38099
-0.238327  ,-1.37057
-0.225534  ,-1.36015
-0.212727  ,-1.34971
-0.199908  ,-1.33926
-0.187075  ,-1.32881
-0.174229  ,-1.31835
-0.24512   ,-0.250554
-0.244715  ,-0.25026
-0.244309  ,-0.249966
-0.243902  ,-0.24967
-0.243495  ,-0.249375
-0.243087  ,-0.249078
-0.242678  ,-0.248781
-0.242268  ,-0.248484
-0.241857  ,-0.248185
-0.241446  ,-0.247886
-0.474743  ,-0.78141
-0.470795  ,-0.778175
-0.466843  ,-0.774938
-0.462887  ,-0.771698
-0.458927  ,-0.768456
-0.454963  ,-0.765211
-0.450995  ,-0.761964
-0.447024  ,-0.758714
-0.443048  ,-0.755462
-0.439069  ,-0.752207
-0.679725  ,-1.04491
-0.674928  ,-1.04094
-0.670127  ,-1.03697
-0.665322  ,-1.033
-0.660512  ,-1.02903
-0.655698  ,-1.02505
-0.650879  ,-1.02107
-0.646056  ,-1.01709
-0.641229  ,-1.0131
-0.636397  ,-1.00912
-0.631561  ,-1.00512
-0.62672   ,-1.00113
-0.621875  ,-0.997134
-0.617025  ,-0.993135
-0.612171  ,-0.989133
-0.607312  ,-0.985128
-0.602449  ,-0.98112
-0.597581  ,-0.97711
-0.592708  ,-0.973097
-0.587831  ,-0.96908
-0.58295   ,-0.965061
-0.578064  ,-0.961039
-0.573173  ,-0.957014
-0.568277  ,-0.952987
-0.563377  ,-0.948956
-0.558473  ,-0.944922
-0.553563  ,-0.940886
-0.548649  ,-0.936846
-0.54373   ,-0.932804
-0.538807  ,-0.928759
-0.628333  ,-0.194038
-0.632381  ,-0.197319
-0.636435  ,-0.200602
-0.640492  ,-0.203888
-0.644555  ,-0.207177
-0.648621  ,-0.210469
-0.652692  ,-0.213763
-0.656768  ,-0.217061
-0.660848  ,-0.220362
-0.664932  ,-0.223665
-0.669021  ,-0.226972
-0.673115  ,-0.230281
-0.677213  ,-0.233594
-0.681316  ,-0.236909
-0.685423  ,-0.240227
-0.689534  ,-0.243549
-0.693651  ,-0.246873
-0.697772  ,-0.2502
-0.701897  ,-0.253531
-0.706027  ,-0.256864
-0.299737  ,0.9034
-0.312572  ,0.892871
-0.325419  ,0.882335
-0.338279  ,0.87179
-0.351152  ,0.861238
-0.364037  ,0.850678
-0.376935  ,0.840109
-0.389845  ,0.829533
-0.402768  ,0.818948
-0.415705  ,0.808356
-0.483081  ,-0.040014
-0.487372  ,-0.0435186
-0.491667  ,-0.0470259
-0.495966  ,-0.050536
-0.50027   ,-0.0540489
-0.504578  ,-0.0575646
-0.508891  ,-0.0610831
-0.513208  ,-0.0646045
-0.517529  ,-0.0681287
-0.521855  ,-0.0716558
-0.695049  ,-0.728998
-0.693881  ,-0.727998
-0.692712  ,-0.726997
-0.691542  ,-0.725995
-0.690371  ,-0.724994
-0.6892    ,-0.723992
-0.688028  ,-0.722989
-0.686855  ,-0.721987
-0.685682  ,-0.720984
-0.684508  ,-0.71998
-0.683333  ,-0.718977
-0.682158  ,-0.717972
-0.680982  ,-0.716968
-0.679805  ,-0.715963
-0.678628  ,-0.714958
-0.677449  ,-0.713952
-0.67627   ,-0.712946
-0.675091  ,-0.71194
-0.67391   ,-0.710933
-0.672729  ,-0.709926
-0.671547  ,-0.708919
-0.670365  ,-0.707911
-0.669181  ,-0.706902
-0.667997  ,-0.705894
-0.666812  ,-0.704885
-0.665627  ,-0.703875
-0.66444   ,-0.702865
-0.663253  ,-0.701855
-0.662065  ,-0.700844
-0.660877  ,-0.699833
-0.659687  ,-0.698822
-0.658497  ,-0.69781
-0.657306  ,-0.696798
-0.656114  ,-0.695785
-0.654922  ,-0.694772
-0.653729  ,-0.693758
-0.652535  ,-0.692744
-0.65134   ,-0.69173
-0.650144  ,-0.690715
-0.648948  ,-0.6897
-0.64775   ,-0.688684
-0.646552  ,-0.687668
-0.645354  ,-0.686651
-0.644154  ,-0.685634
-0.642953  ,-0.684617
-0.641752  ,-0.683599
-0.64055   ,-0.68258
-0.639347  ,-0.681562
-0.638144  ,-0.680542
-0.636939  ,-0.679523
-0.693575  ,-0.350072
-0.69656   ,-0.35247
-0.699548  ,-0.35487
-0.70254   ,-0.357273
-0.705536  ,-0.359678
-0.708535  ,-0.362085
-0.711537  ,-0.364495
-0.714543  ,-0.366906
-0.717552  ,-0.369321
-0.720565  ,-0.371737
-0.808871  ,-0.701545
-0.809142  ,-0.701702
-0.809415  ,-0.701859
-0.809689  ,-0.702018
-0.809963  ,-0.702177
-0.810239  ,-0.702337
-0.810516  ,-0.702498
-0.810793  ,-0.70266
-0.811072  ,-0.702822
-0.811352  ,-0.702986
-0.811632  ,-0.70315
-0.811914  ,-0.703314
-0.812197  ,-0.70348
-0.812481  ,-0.703646
-0.812765  ,-0.703813
-0.813051  ,-0.703981
-0.813338  ,-0.704149
-0.813625  ,-0.704319
-0.813914  ,-0.704489
-0.814204  ,-0.70466
-0.814495  ,-0.704831
-0.814787  ,-0.705004
-0.815079  ,-0.705177
-0.815373  ,-0.705351
-0.815668  ,-0.705526
-0.815964  ,-0.705702
-0.816261  ,-0.705878
-0.816559  ,-0.706055
-0.816858  ,-0.706233
-0.817158  ,-0.706412
-0.817459  ,-0.706592
-0.817761  ,-0.706772
-0.818064  ,-0.706953
-0.818368  ,-0.707135
-0.818673  ,-0.707318
-0.81898   ,-0.707501
-0.819287  ,-0.707686
-0.819595  ,-0.707871
-0.819905  ,-0.708057
-0.820215  ,-0.708243
-0.820527  ,-0.708431
-0.820839  ,-0.708619
-0.821153  ,-0.708808
-0.821467  ,-0.708998
-0.821783  ,-0.709189
-0.8221    ,-0.709381
-0.822418  ,-0.709573
-0.822736  ,-0.709766
-0.823056  ,-0.70996
-0.823377  ,-0.710155
-1.25133   ,-1.87965
-1.24307   ,-1.87274
-1.2348    ,-1.86583
-1.22653   ,-1.85892
-1.21824   ,-1.852
-1.20995   ,-1.84508
-1.20166   ,-1.83815
-1.19335   ,-1.83122
-1.18504   ,-1.82429
-1.17673   ,-1.81735
-1.25184   ,-0.829426
-1.25514   ,-0.831976
-1.25844   ,-0.834529
-1.26174   ,-0.837086
-1.26505   ,-0.839646
-1.26837   ,-0.84221
-1.27168   ,-0.844777
-1.27501   ,-0.847347
-1.27834   ,-0.849921
-1.28167   ,-0.852498
-1.31266   ,-0.94577
-1.31528   ,-0.947759
-1.31791   ,-0.949752
-1.32054   ,-0.951747
-1.32318   ,-0.953746
-1.32582   ,-0.955747
-1.32846   ,-0.957752
-1.33111   ,-0.95976
-1.33377   ,-0.961771
-1.33642   ,-0.963785
-1.35974   ,-0.986718
-1.36238   ,-0.988715
-1.36503   ,-0.990716
-1.36768   ,-0.992719
-1.37034   ,-0.994726
-1.373     ,-0.996737
-1.37567   ,-0.99875
-1.37834   ,-1.00077
-1.38101   ,-1.00279
-1.38369   ,-1.00481
-1.38637   ,-1.00684
-1.38906   ,-1.00887
-1.39176   ,-1.0109
-1.39445   ,-1.01293
-1.39716   ,-1.01497
-1.39986   ,-1.01702
-1.40257   ,-1.01906
-1.40529   ,-1.02111
-1.40801   ,-1.02316
-1.41074   ,-1.02522
-1.41347   ,-1.02728
-1.4162    ,-1.02934
-1.41894   ,-1.03141
-1.42168   ,-1.03347
-1.42443   ,-1.03555
-1.42719   ,-1.03762
-1.42994   ,-1.0397
-1.43271   ,-1.04178
-1.43548   ,-1.04387
-1.43825   ,-1.04596
-1.44102   ,-1.04805
-1.44381   ,-1.05015
-1.44659   ,-1.05224
-1.44938   ,-1.05435
-1.45218   ,-1.05645
-1.45498   ,-1.05856
-1.45779   ,-1.06068
-1.4606    ,-1.06279
-1.46341   ,-1.06491
-1.46623   ,-1.06703
-1.46906   ,-1.06916
-1.47189   ,-1.07129
-1.47472   ,-1.07342
-1.47756   ,-1.07556
-1.48041   ,-1.0777
-1.48325   ,-1.07985
-1.48611   ,-1.08199
-1.48897   ,-1.08414
-1.49183   ,-1.0863
-1.4947    ,-1.08846
-1.35915   ,-0.784343
-1.36401   ,-0.788157
-1.36888   ,-0.791975
-1.37376   ,-0.795799
-1.37864   ,-0.799626
-1.38353   ,-0.803459
-1.38843   ,-0.807296
-1.39333   ,-0.811138
-1.39824   ,-0.814984
-1.40316   ,-0.818835
-1.40809   ,-0.822691
-1.41302   ,-0.826552
-1.41795   ,-0.830417
-1.4229    ,-0.834287
-1.42785   ,-0.838161
-1.43281   ,-0.842041
-1.43778   ,-0.845925
-1.44275   ,-0.849814
-1.44773   ,-0.853707
-1.45271   ,-0.857606
1.15588    ,7.82281
1.08149    ,7.76165
1.00702    ,7.70045
0.932489   ,7.6392
0.857882   ,7.57791
0.783204   ,7.51657
0.708454   ,7.45519
0.633631   ,7.39376
0.558736   ,7.33228
0.483769   ,7.27076
0.408728   ,7.2092
0.333614   ,7.14758
0.258427   ,7.08592
0.183166   ,7.02422
0.107831   ,6.96246
0.0324224  ,6.90066
-0.0430607 ,6.83882
-0.118618  ,6.77692
-0.194251  ,6.71498
-0.269958  ,6.65299
0.208842   ,0.970686
0.200353   ,0.96362
0.191857   ,0.956551
0.183353   ,0.949477
0.174842   ,0.942398
0.166324   ,0.935315
0.157799   ,0.928228
0.149267   ,0.921136
0.140727   ,0.91404
0.13218    ,0.90694
0.123625   ,0.899835
0.115063   ,0.892725
0.106494   ,0.885611
0.097917   ,0.878493
0.0893328  ,0.87137
0.0807411  ,0.864242
0.0721418  ,0.85711
0.063535   ,0.849973
0.0549207  ,0.842831
0.0462987  ,0.835685
0.0376692  ,0.828534
0.029032   ,0.821379
0.0203871  ,0.814219
0.0117346  ,0.807054
0.00307436 ,0.799884
-0.00559362,0.79271
-0.0142694 ,0.785531
-0.0229529 ,0.778347
-0.0316442 ,0.771158
-0.0403434 ,0.763965
-0.0490505 ,0.756766
-0.0577654 ,0.749563
-0.0664883 ,0.742355
-0.075219  ,0.735142
-0.0839578 ,0.727924
-0.0927045 ,0.720701
-0.101459  ,0.713473
-0.110222  ,0.70624
-0.118993  ,0.699002
-0.127772  ,0.691759
0.33626    ,1.04538
0.328223   ,1.03866
0.32018    ,1.03194
0.312131   ,1.02521
0.304075   ,1.01848
0.296012   ,1.01175
0.287943   ,1.00501
0.279867   ,0.998269
0.271785   ,0.991523
0.263696   ,0.984774
0.365531   ,0.865724
0.359763   ,0.860857
0.353991   ,0.855987
0.348215   ,0.851116
0.342435   ,0.846241
0.336651   ,0.841365
0.330862   ,0.836485
0.32507    ,0.831604
0.319273   ,0.82672
0.313472   ,0.821834
0.307666   ,0.816945
0.301856   ,0.812054
0.296042   ,0.80716
0.290224   ,0.802264
0.284401   ,0.797366
0.278574   ,0.792464
0.272743   ,0.787561
0.266907   ,0.782655
0.261067   ,0.777746
0.255222   ,0.772835
0.249374   ,0.767921
0.24352    ,0.763005
0.237662   ,0.758086
0.2318     ,0.753165
0.225933   ,0.748241
0.220062   ,0.743314
0.214186   ,0.738384
0.208306   ,0.733453
0.202421   ,0.728518
0.196531   ,0.723581
0.190637   ,0.718641
0.184738   ,0.713698
0.178835   ,0.708753
0.172927   ,0.703804
0.167015   ,0.698854
0.161097   ,0.6939
0.155176   ,0.688944
0.149249   ,0.683985
0.143318   ,0.679023
0.137381   ,0.674058
0.131441   ,0.669091
0.125495   ,0.66412
0.119545   ,0.659147
0.11359    ,0.654171
0.10763    ,0.649192
0.101665   ,0.644211
0.095695   ,0.639226
0.0897205  ,0.634239
0.0837411  ,0.629248
0.0777567  ,0.624255
0.0717675  ,0.619259
0.0657733  ,0.61426
0.0597742  ,0.609257
0.0537701  ,0.604252
0.047761   ,0.599244
0.041747   ,0.594233
0.0357279  ,0.589219
0.0297037  ,0.584202
0.0236746  ,0.579182
0.0176403  ,0.574158
0.523238   ,1.36155
0.513594   ,1.35348
0.503941   ,1.34541
0.494281   ,1.33733
0.484614   ,1.32925
0.474938   ,1.32116
0.465255   ,1.31307
0.455563   ,1.30498
0.445864   ,1.29688
0.436157   ,1.28877
2.30951    ,6.3116
2.26327    ,6.27327
2.217      ,6.23492
2.17069    ,6.19654
2.12433    ,6.15814
2.07794    ,6.11971
2.0315     ,6.08126
1.98502    ,6.04278
1.9385     ,6.00427
1.89194    ,5.96574
1.84533    ,5.92719
1.79869    ,5.8886
1.752      ,5.85
1.70527    ,5.81136
1.6585     ,5.7727
1.61168    ,5.73401
1.56483    ,5.6953
1.51793    ,5.65656
1.47098    ,5.6178
1.424      ,5.57901
2.3194     ,3.74473
2.3015     ,3.72958
2.28359    ,3.71442
2.26566    ,3.69926
2.24773    ,3.6841
2.22978    ,3.66892
2.21182    ,3.65374
2.19385    ,3.63855
2.17586    ,3.62335
2.15786    ,3.60815
2.44198    ,2.82021
2.43548    ,2.81436
2.42898    ,2.80852
2.42247    ,2.80267
2.41597    ,2.79683
2.40946    ,2.79098
2.40296    ,2.78514
2.39645    ,2.7793
2.38994    ,2.77345
2.38343    ,2.76761
2.62566    ,2.79815
2.62124    ,2.79397
2.61682    ,2.78979
2.6124     ,2.78562
2.60798    ,2.78145
2.60356    ,2.77728
2.59915    ,2.77311
2.59473    ,2.76895
2.59032    ,2.76478
2.58591    ,2.76062
3.22925    ,4.04719
3.21712    ,4.0366
3.20499    ,4.026
3.19285    ,4.01541
3.18071    ,4.00481
3.16856    ,3.99422
3.15641    ,3.98362
3.14426    ,3.97302
3.1321     ,3.96241
3.11993    ,3.95181
3.60341    ,4.18178
3.59354    ,4.17297
3.58368    ,4.16416
3.57381    ,4.15535
3.56394    ,4.14654
3.55406    ,4.13774
3.54419    ,4.12893
3.53431    ,4.12012
3.52444    ,4.11132
3.51456    ,4.10251
3.61665    ,3.47436
3.6147     ,3.47202
3.61275    ,3.46969
3.61082    ,3.46737
3.60888    ,3.46505
3.60696    ,3.46273
3.60504    ,3.46042
3.60312    ,3.45812
3.60121    ,3.45582
3.59931    ,3.45353
3.59242    ,2.92545
3.59626    ,2.92786
3.60012    ,2.93028
3.60399    ,2.9327
3.60787    ,2.93514
3.61176    ,2.93759
3.61566    ,2.94004
3.61958    ,2.94251
3.62351    ,2.94498
3.62745    ,2.94747
3.6654     ,2.90631
3.67019    ,2.90947
3.67499    ,2.91265
3.6798     ,2.91584
3.68462    ,2.91903
3.68946    ,2.92224
3.69431    ,2.92545
3.69917    ,2.92868
3.70405    ,2.93191
3.70894    ,2.93516
3.71384    ,2.93841
3.71875    ,2.94168
3.72368    ,2.94495
3.72862    ,2.94824
3.73358    ,2.95153
3.73855    ,2.95484
3.74353    ,2.95815
3.74853    ,2.96148
3.75354    ,2.96481
3.75856    ,2.96816
3.92302    ,3.55594
3.92324    ,3.55532
3.92346    ,3.5547
3.92369    ,3.5541
3.92394    ,3.5535
3.92419    ,3.55291
3.92445    ,3.55233
3.92471    ,3.55175
3.92499    ,3.55119
3.92528    ,3.55062
4.39188    ,4.64434
4.38481    ,4.63767
4.37774    ,4.63101
4.37068    ,4.62435
4.36362    ,4.6177
4.35656    ,4.61105
4.3495     ,4.6044
4.34245    ,4.59776
4.3354     ,4.59112
4.32835    ,4.58448
4.3213     ,4.57785
4.31426    ,4.57122
4.30722    ,4.56459
4.30018    ,4.55797
4.29314    ,4.55135
4.28611    ,4.54473
4.27908    ,4.53812
4.27205    ,4.53151
4.26503    ,4.5249
4.258      ,4.5183
4.25098    ,4.51169
4.24396    ,4.5051
4.23695    ,4.4985
4.22993    ,4.49191
4.22292    ,4.48532
4.21591    ,4.47874
4.2089     ,4.47216
4.2019     ,4.46558
4.1949     ,4.45901
4.1879     ,4.45243
4.1809     ,4.44586
4.1739     ,4.4393
4.16691    ,4.43274
4.15992    ,4.42618
4.15293    ,4.41962
4.14594    ,4.41307
4.13896    ,4.40652
4.13198    ,4.39997
4.125      ,4.39343
4.11802    ,4.38689
4.39301    ,4.47409
4.38782    ,4.46897
4.38264    ,4.46385
4.37747    ,4.45874
4.3723     ,4.45363
4.36713    ,4.44853
4.36197    ,4.44343
4.35681    ,4.43833
4.35166    ,4.43324
4.34651    ,4.42815
4.37598    ,3.9505
4.37639    ,3.94995
4.3768     ,3.94941
4.37723    ,3.94888
4.37766    ,3.94836
4.37811    ,3.94785
4.37856    ,3.94734
4.37903    ,3.94684
4.3795     ,3.94635
4.37999    ,3.94587
4.23699    ,2.89923
4.24757    ,2.90703
4.25817    ,2.91485
4.26878    ,2.92268
4.27942    ,2.93052
4.29008    ,2.93838
4.30076    ,2.94626
4.31146    ,2.95415
4.32218    ,2.96205
4.33292    ,2.96997
4.36598    ,3.30484
4.37339    ,3.31002
4.38081    ,3.31522
4.38825    ,3.32043
4.39571    ,3.32565
4.40318    ,3.33089
4.41068    ,3.33613
4.41818    ,3.34139
4.42571    ,3.34667
4.43325    ,3.35195
4.87336    ,4.84971
4.86884    ,4.84505
4.86434    ,4.84039
4.85984    ,4.83575
4.85534    ,4.8311
4.85085    ,4.82647
4.84637    ,4.82183
4.84189    ,4.81721
4.83742    ,4.81259
4.83296    ,4.80797
5.29144    ,5.50723
5.28387    ,5.5
5.27631    ,5.49277
5.26876    ,5.48554
5.2612     ,5.47832
5.25365    ,5.47111
5.24611    ,5.4639
5.23857    ,5.45669
5.23103    ,5.44949
5.22349    ,5.44229
5.44276    ,5.01292
5.44214    ,5.01134
5.44154    ,5.00978
5.44095    ,5.00822
5.44037    ,5.00667
5.4398     ,5.00514
5.43924    ,5.00361
5.43869    ,5.00209
5.43815    ,5.00058
5.43763    ,4.99908
5.1492     ,3.22838
5.16528    ,3.24052
5.18138    ,3.25267
5.19752    ,3.26485
5.21368    ,3.27705
5.22987    ,3.28926
5.24609    ,3.3015
5.26233    ,3.31375
5.2786     ,3.32603
5.2949     ,3.33832
5.07171    ,3.02167
5.08929    ,3.03505
5.1069     ,3.04845
5.12454    ,3.06187
5.1422     ,3.07531
5.1599     ,3.08877
5.17762    ,3.10225
5.19537    ,3.11575
5.21315    ,3.12927
5.23096    ,3.14281
5.74458    ,5.68274
5.73962    ,5.67755
5.73466    ,5.67237
5.72971    ,5.6672
5.72477    ,5.66203
5.71984    ,5.65687
5.71491    ,5.65172
5.70999    ,5.64657
5.70508    ,5.64143
5.70017    ,5.6363
5.69527    ,5.63117
5.69038    ,5.62606
5.6855     ,5.62094
5.68063    ,5.61584
5.67576    ,5.61074
5.6709     ,5.60565
5.66604    ,5.60057
5.6612     ,5.59549
5.65636    ,5.59042
5.65153    ,5.58536
5.6467     ,5.5803
5.64189    ,5.57525
5.63708    ,5.57021
5.63228    ,5.56518
5.62748    ,5.56015
5.6227     ,5.55513
5.61792    ,5.55011
5.61315    ,5.5451
5.60838    ,5.5401
5.60362    ,5.53511
5.04235    ,1.176
5.07994    ,1.20576
5.11758    ,1.23554
5.15526    ,1.26536
5.193      ,1.29522
5.23078    ,1.3251
5.26861    ,1.35502
5.30649    ,1.38498
5.34442    ,1.41497
5.3824     ,1.44499
5.42043    ,1.47504
5.45851    ,1.50513
5.49664    ,1.53525
5.53482    ,1.56541
5.57304    ,1.5956
5.61132    ,1.62582
5.64965    ,1.65608
5.68803    ,1.68637
5.72646    ,1.7167
5.76494    ,1.74706
5.80348    ,1.77746
5.84206    ,1.80789
5.88069    ,1.83835
5.91938    ,1.86885
5.95811    ,1.89939
5.9969     ,1.92996
6.03574    ,1.96056
6.07463    ,1.9912
6.11358    ,2.02188
6.15257    ,2.05259
6.19162    ,2.08334
6.23072    ,2.11412
6.26987    ,2.14494
6.30907    ,2.1758
6.34833    ,2.20669
6.38764    ,2.23761
6.427      ,2.26857
6.46642    ,2.29957
6.50589    ,2.33061
6.54541    ,2.36168
6.58498    ,2.39279
6.62461    ,2.42393
6.6643     ,2.45511
6.70403    ,2.48633
6.74382    ,2.51759
6.78367    ,2.54888
6.82357    ,2.58021
6.86352    ,2.61158
6.90353    ,2.64298
6.94359    ,2.67442
6.98371    ,2.7059
7.02388    ,2.73742
7.06411    ,2.76897
7.10439    ,2.80056
7.14473    ,2.83219
7.18512    ,2.86386
7.22557    ,2.89557
7.26607    ,2.92731
7.30664    ,2.9591
7.34725    ,2.99092
7.38792    ,3.02278
7.42865    ,3.05468
7.46944    ,3.08661
7.51028    ,3.11859
7.55118    ,3.1506
7.59213    ,3.18266
7.63315    ,3.21475
7.67421    ,3.24688
7.71534    ,3.27905
7.75652    ,3.31127
7.79777    ,3.34352
7.83906    ,3.37581
7.88042    ,3.40814
7.92184    ,3.44051
7.96331    ,3.47292
8.00484    ,3.50537
8.04643    ,3.53786
8.08808    ,3.57039
8.12978    ,3.60296
8.17155    ,3.63557
6.28526    ,2.829
6.31709    ,2.85383
6.34897    ,2.87868
6.3809     ,2.90356
6.41287    ,2.92848
6.44488    ,2.95342
6.47694    ,2.9784
6.50905    ,3.00341
6.5412     ,3.02845
6.5734     ,3.05353
6.60565    ,3.07863
6.63794    ,3.10377
6.67028    ,3.12894
6.70266    ,3.15414
6.73509    ,3.17938
6.76757    ,3.20464
6.80009    ,3.22994
6.83267    ,3.25527
6.86528    ,3.28064
6.89795    ,3.30603
6.93066    ,3.33146
6.96342    ,3.35692
6.99623    ,3.38242
7.02909    ,3.40795
7.06199    ,3.43351
7.09494    ,3.4591
7.12794    ,3.48473
7.16099    ,3.51039
7.19408    ,3.53609
7.22723    ,3.56181
5.534      ,-0.654377
5.59664    ,-0.604216
5.65936    ,-0.554005
5.72214    ,-0.503744
5.78501    ,-0.453433
5.84794    ,-0.403072
5.91096    ,-0.352661
5.97405    ,-0.302199
6.03721    ,-0.251687
6.10045    ,-0.201124
3.17795    ,-6.61779
3.28263    ,-6.53281
3.38742    ,-6.44775
3.49231    ,-6.36262
3.59733    ,-6.27742
3.70245    ,-6.19214
3.80769    ,-6.10679
3.91304    ,-6.02137
4.01851    ,-5.93588
4.12409    ,-5.8503
2.45798    ,-7.70429
2.56741    ,-7.61529
2.67695    ,-7.52621
2.78661    ,-7.43706
2.89638    ,-7.34783
3.00627    ,-7.25853
3.11628    ,-7.16915
3.2264     ,-7.0797
3.33664    ,-6.99017
3.447      ,-6.90057
1.62859    ,-8.54882
1.73901    ,-8.45885
1.84955    ,-8.36881
1.9602     ,-8.2787
2.07097    ,-8.18851
2.18185    ,-8.09824
2.29285    ,-8.0079
2.40396    ,-7.91749
2.5152     ,-7.827
2.62655    ,-7.73644
2.73801    ,-7.6458
2.8496     ,-7.55508
2.9613     ,-7.46429
3.07312    ,-7.37342
3.18506    ,-7.28247
3.29711    ,-7.19145
3.40929    ,-7.10035
3.52159    ,-7.00917
3.634      ,-6.91792
3.74654    ,-6.82658
3.8592     ,-6.73517
3.97198    ,-6.64368
4.08488    ,-6.55211
4.1979     ,-6.46047
4.31104    ,-6.36874
4.42431    ,-6.27693
4.5377     ,-6.18504
4.65121    ,-6.09308
4.76485    ,-6.00103
4.87861    ,-5.9089
2.95278    ,-4.79102
3.03511    ,-4.72428
3.11753    ,-4.65748
3.20003    ,-4.59063
3.28263    ,-4.52371
3.36532    ,-4.45674
3.44809    ,-4.3897
3.53096    ,-4.32261
3.61392    ,-4.25546
3.69697    ,-4.18825
3.43011    ,1.27871
3.45045    ,1.29464
3.47081    ,1.3106
3.4912     ,1.32657
3.51162    ,1.34256
3.53207    ,1.35857
3.55254    ,1.3746
3.57305    ,1.39065
3.59358    ,1.40671
3.61414    ,1.4228
1.51115    ,-5.00007
1.58137    ,-4.94298
1.65165    ,-4.88584
1.72201    ,-4.82865
1.79245    ,-4.77142
1.86296    ,-4.71414
1.93354    ,-4.65681
2.0042     ,-4.59943
2.07494    ,-4.542
2.14575    ,-4.48452
-3.93621   ,-18.9704
-3.7668    ,-18.8311
-3.59723   ,-18.6918
-3.42749   ,-18.5523
-3.25759   ,-18.4128
-3.08752   ,-18.2731
-2.9173    ,-18.1334
-2.7469    ,-17.9935
-2.57634   ,-17.8536
-2.40562   ,-17.7135
-2.23472   ,-17.5733
-2.06366   ,-17.433
-1.89244   ,-17.2926
-1.72104   ,-17.1521
-1.54948   ,-17.0115
-1.37775   ,-16.8708
-1.20585   ,-16.73
-1.03377   ,-16.5891
-0.861532  ,-16.4481
-0.689119  ,-16.3069
-0.516534  ,-16.1657
-0.343777  ,-16.0243
-0.170847  ,-15.8828
0.00225554 ,-15.7413
0.175532   ,-15.5996
0.348983   ,-15.4578
0.522608   ,-15.3159
0.696409   ,-15.1738
0.870385   ,-15.0317
1.04454    ,-14.8895
1.21887    ,-14.7471
1.39337    ,-14.6046
1.56806    ,-14.462
1.74292    ,-14.3193
1.91796    ,-14.1765
2.09318    ,-14.0336
2.26859    ,-13.8905
2.44417    ,-13.7474
2.61993    ,-13.6041
2.79587    ,-13.4607
2.972      ,-13.3172
3.14831    ,-13.1735
3.3248     ,-13.0298
3.50148    ,-12.8859
3.67834    ,-12.7419
3.85538    ,-12.5978
4.03261    ,-12.4536
4.21003    ,-12.3093
4.38763    ,-12.1648
4.56542    ,-12.0202
4.7434     ,-11.8755
4.92156    ,-11.7307
5.09991    ,-11.5857
5.27846    ,-11.4407
5.45719    ,-11.2955
5.63611    ,-11.1502
5.81522    ,-11.0047
5.99453    ,-10.8592
6.17402    ,-10.7135
6.35371    ,-10.5677
6.53359    ,-10.4217
6.71367    ,-10.2757
6.89394    ,-10.1295
7.0744     ,-9.98315
7.25506    ,-9.83671
7.43591    ,-9.69014
7.61697    ,-9.54344
7.79821    ,-9.39661
7.97966    ,-9.24965
8.1613     ,-9.10257
8.34314    ,-8.95536
8.52518    ,-8.80801
8.70742    ,-8.66054
8.88986    ,-8.51294
9.0725     ,-8.3652
9.25535    ,-8.21733
9.43839    ,-8.06934
9.62164    ,-7.9212
9.80509    ,-7.77294
9.98874    ,-7.62454
10.1726    ,-7.47601
10.3567    ,-7.32735
10.5409    ,-7.17855
10.7254    ,-7.02961
10.9101    ,-6.88054
11.095     ,-6.73134
11.2801    ,-6.582
11.4654    ,-6.43252
11.6509    ,-6.2829
11.8366    ,-6.13315
12.0225    ,-5.98326
12.2087    ,-5.83323
12.395     ,-5.68306
12.5816    ,-5.53275
12.7684    ,-5.38231
12.9553    ,-5.23172
13.1425    ,-5.08099
13.33      ,-4.93012
13.5176    ,-4.77911
13.7054    ,-4.62796
13.8935    ,-4.47666
14.0818    ,-4.32522
14.2703    ,-4.17364
14.459     ,-4.02192
14.6479    ,-3.87005
14.8371    ,-3.71803
15.0264    ,-3.56588
15.216     ,-3.41357
15.4058    ,-3.26112
15.5959    ,-3.10852
15.7861    ,-2.95578
15.9766    ,-2.80289
16.1673    ,-2.64985
16.3582    ,-2.49666
16.5494    ,-2.34333
16.7407    ,-2.18984
16.9323    ,-2.03621
17.1242    ,-1.88242
17.3162    ,-1.72849
17.5085    ,-1.5744
-0.42325   ,-16.5883
-0.244911  ,-16.4424
-0.0663939 ,-16.2964
0.112302   ,-16.1502
0.291177   ,-16.004
0.470233   ,-15.8576
0.649469   ,-15.7111
0.828886   ,-15.5645
1.00848    ,-15.4178
1.18827    ,-15.271
1.36823    ,-15.124
1.54838    ,-14.977
1.72871    ,-14.8298
1.90922    ,-14.6825
2.08992    ,-14.5351
2.27081    ,-14.3876
2.45188    ,-14.2399
2.63313    ,-14.0921
2.81458    ,-13.9442
2.99621    ,-13.7962
3.17803    ,-13.6481
3.36004    ,-13.4998
3.54224    ,-13.3514
3.72463    ,-13.2029
3.90721    ,-13.0543
4.08998    ,-12.9056
4.27294    ,-12.7567
4.45609    ,-12.6077
4.63944    ,-12.4586
4.82297    ,-12.3093
0.395502   ,11.8252
0.26948    ,11.7219
0.143334   ,11.6186
0.0170628  ,11.5152
-0.109333  ,11.4117
-0.235855  ,11.3081
-0.362503  ,11.2044
-0.489276  ,11.1007
-0.616177  ,10.9969
-0.743204  ,10.893
0.539974   ,4.87652
0.491832   ,4.83695
0.443644   ,4.79735
0.39541    ,4.75772
0.347129   ,4.71807
0.298801   ,4.67838
0.250427   ,4.63867
0.202006   ,4.59892
0.153538   ,4.55915
0.105023   ,4.51934
0.0564602  ,4.47951
0.0078502  ,4.43965
-0.0408074 ,4.39975
-0.0895128 ,4.35983
-0.138266  ,4.31987
-0.187067  ,4.27989
-0.235917  ,4.23987
-0.284814  ,4.19983
-0.333761  ,4.15975
-0.382756  ,4.11964
-1.16101   ,-2.89368
-1.14069   ,-2.87692
-1.12035   ,-2.86016
-1.1       ,-2.84338
-1.07962   ,-2.82659
-1.05922   ,-2.80979
-1.03881   ,-2.79297
-1.01837   ,-2.77615
-0.997918  ,-2.75931
-0.977445  ,-2.74246
-0.956953  ,-2.72559
-0.936441  ,-2.70872
-0.915909  ,-2.69183
-0.895358  ,-2.67493
-0.874787  ,-2.65802
-0.854197  ,-2.6411
-0.833587  ,-2.62416
-0.812957  ,-2.60721
-0.792307  ,-2.59025
-0.771637  ,-2.57328
-0.750948  ,-2.55629
-0.730238  ,-2.53929
-0.709508  ,-2.52228
-0.688758  ,-2.50526
-0.667988  ,-2.48822
-0.647197  ,-2.47117
-0.626386  ,-2.45411
-0.605555  ,-2.43703
-0.584703  ,-2.41994
-0.563831  ,-2.40284
-18.2557   ,-61.7146
-17.7593   ,-61.3052
-17.2625   ,-60.8955
-16.7651   ,-60.4856
-16.2674   ,-60.0753
-15.7691   ,-59.6648
-15.2704   ,-59.254
-14.7712   ,-58.8428
-14.2715   ,-58.4314
-13.7714   ,-58.0197
-13.2708   ,-57.6077
-12.7697   ,-57.1954
-12.2682   ,-56.7828
-11.7661   ,-56.3699
-11.2636   ,-55.9567
-10.7606   ,-55.5432
-10.2572   ,-55.1294
-9.75322   ,-54.7153
-9.24879   ,-54.3009
-8.74386   ,-53.8862
-12.659    ,-11.0773
-12.6637   ,-11.0789
-12.6684   ,-11.0805
-12.673    ,-11.0821
-12.6778   ,-11.0837
-12.6825   ,-11.0854
-12.6873   ,-11.0871
-12.6921   ,-11.0888
-12.697    ,-11.0906
-12.7019   ,-11.0923
-7.10999   ,11.3386
-7.30571   ,11.1797
-7.50165   ,11.0206
-7.69779   ,10.8614
-7.89414   ,10.7021
-8.09071   ,10.5426
-8.28748   ,10.383
-8.48447   ,10.2233
-8.68167   ,10.0634
-8.87909   ,9.90336
-9.07671   ,9.74319
-9.27456   ,9.58289
-9.47261   ,9.42245
-9.67089   ,9.26187
-9.86938   ,9.10114
-10.0681   ,8.94028
-10.267    ,8.77927
-10.4661   ,8.61812
-10.6655   ,8.45683
-10.8651   ,8.29539
-11.0649   ,8.13381
-11.2649   ,7.97209
-11.4652   ,7.81022
-11.6656   ,7.64821
-11.8663   ,7.48605
-12.0672   ,7.32374
-12.2683   ,7.16129
-12.4697   ,6.99869
-12.6713   ,6.83595
-12.8731   ,6.67306
-13.0751   ,6.51001
-13.2774   ,6.34682
-13.4799   ,6.18348
-13.6826   ,6.01999
-13.8855   ,5.85635
-14.0887   ,5.69256
-14.2921   ,5.52862
-14.4958   ,5.36452
-14.6996   ,5.20027
-14.9037   ,5.03588
-15.1081   ,4.87132
-15.3126   ,4.70662
-15.5174   ,4.54176
-15.7225   ,4.37674
-15.9277   ,4.21157
-16.1332   ,4.04624
-16.339    ,3.88076
-16.5449   ,3.71512
-16.7512   ,3.54933
-16.9576   ,3.38337
-17.1643   ,3.21726
-17.3712   ,3.05099
-17.5784   ,2.88456
-17.7858   ,2.71798
-17.9935   ,2.55123
-18.2014   ,2.38432
-18.4095   ,2.21725
-18.6179   ,2.05002
-18.8265   ,1.88262
-19.0354   ,1.71507
-19.2445   ,1.54735
-19.4539   ,1.37947
-19.6635   ,1.21142
-19.8734   ,1.04321
-20.0835   ,0.874834
-20.2938   ,0.706292
-20.5044   ,0.537585
-20.7153   ,0.368711
-20.9264   ,0.19967
-21.1378   ,0.0304617
-12.0865   ,12.4297
-12.344    ,12.2211
-12.6018   ,12.0124
-12.8598   ,11.8034
-13.1182   ,11.5943
-13.3768   ,11.385
-13.6357   ,11.1755
-13.8949   ,10.9659
-14.1543   ,10.756
-14.4141   ,10.546
-14.6741   ,10.3358
-14.9345   ,10.1254
-15.1951   ,9.91475
-15.456    ,9.70395
-15.7172   ,9.49297
-15.9787   ,9.2818
-16.2405   ,9.07043
-16.5026   ,8.85887
-16.765    ,8.64712
-17.0276   ,8.43518
-17.2906   ,8.22304
-17.5538   ,8.01071
-17.8174   ,7.79818
-18.0813   ,7.58546
-18.3454   ,7.37254
-18.6099   ,7.15942
-18.8746   ,6.94611
-19.1397   ,6.7326
-19.405    ,6.51889
-19.6707   ,6.30498
-19.9366   ,6.09087
-20.2029   ,5.87656
-20.4695   ,5.66204
-20.7364   ,5.44733
-21.0035   ,5.23241
-21.271    ,5.01729
-21.5388   ,4.80197
-21.8069   ,4.58644
-22.0754   ,4.37071
-22.3441   ,4.15477
-22.6131   ,3.93862
-22.8825   ,3.72227
-23.1522   ,3.50571
-23.4221   ,3.28894
-23.6924   ,3.07196
-23.9631   ,2.85478
-24.234    ,2.63738
-24.5052   ,2.41977
-24.7768   ,2.20195
-25.0487   ,1.98392
-25.3209   ,1.76567
-25.5934   ,1.54721
-25.8663   ,1.32854
-26.1395   ,1.10965
-26.413    ,0.890552
-26.6868   ,0.671233
-26.961    ,0.451697
-27.2354   ,0.231945
-27.5102   ,0.0119736
-27.7854   ,-0.208216
-16.8681   ,1.22927
-17.0502   ,1.08326
-17.2325   ,0.937107
-17.4151   ,0.790813
-17.5978   ,0.644375
-17.7808   ,0.497793
-17.964    ,0.351066
-18.1474   ,0.204195
-18.331    ,0.0571782
-18.5148   ,-0.0899844
-18.6989   ,-0.237293
-18.8832   ,-0.384749
-19.0677   ,-0.532352
-19.2524   ,-0.680102
-19.4373   ,-0.828
-19.6225   ,-0.976047
-19.8079   ,-1.12424
-19.9935   ,-1.27259
-20.1793   ,-1.42108
-20.3654   ,-1.56973
-20.5517   ,-1.71852
-20.7382   ,-1.86747
-20.9249   ,-2.01657
-21.1119   ,-2.16582
-21.2991   ,-2.31522
-21.4865   ,-2.46478
-21.6742   ,-2.61449
-21.8621   ,-2.76435
-22.0502   ,-2.91437
-22.2385   ,-3.06454
-22.4271   ,-3.21487
-22.6159   ,-3.36535
-22.8049   ,-3.51599
-22.9942   ,-3.66678
-23.1837   ,-3.81774
-23.3735   ,-3.96885
-23.5634   ,-4.12012
-23.7537   ,-4.27154
-23.9441   ,-4.42313
-24.1348   ,-4.57487
-24.3257   ,-4.72678
-24.5169   ,-4.87884
-24.7083   ,-5.03107
-24.8999   ,-5.18345
-25.0918   ,-5.336
-25.2839   ,-5.48871
-25.4763   ,-5.64159
-25.6689   ,-5.79462
-25.8617   ,-5.94782
-26.0548   ,-6.10118
-26.2482   ,-6.25471
-26.4418   ,-6.40841
-26.6356   ,-6.56226
-26.8296   ,-6.71629
-27.024    ,-6.87048
-27.2185   ,-7.02484
-27.4133   ,-7.17936
-27.6084   ,-7.33405
-27.8037   ,-7.48891
-27.9993   ,-7.64394
-28.1951   ,-7.79914
-28.3911   ,-7.95451
-28.5875   ,-8.11005
-28.784    ,-8.26576
-28.9808   ,-8.42164
-29.1779   ,-8.57769
-29.3752   ,-8.73391
-29.5728   ,-8.89031
-29.7706   ,-9.04688
-29.9687   ,-9.20362
-30.1671   ,-9.36054
-30.3657   ,-9.51763
-30.5645   ,-9.6749
-30.7637   ,-9.83234
-30.9631   ,-9.98996
-31.1627   ,-10.1478
-31.3626   ,-10.3057
-31.5628   ,-10.4639
-31.7632   ,-10.6222
-31.9639   ,-10.7807
-32.1648   ,-10.9394
-32.366    ,-11.0983
-32.5675   ,-11.2573
-32.7693   ,-11.4165
-32.9713   ,-11.5759
-33.1735   ,-11.7355
-33.3761   ,-11.8953
-33.5789   ,-12.0552
-33.782    ,-12.2154
-33.9853   ,-12.3757
-16.424    ,-0.454682
-16.5831   ,-0.581982
-16.7424   ,-0.709409
-16.902    ,-0.836963
-17.0617   ,-0.964646
-17.2216   ,-1.09246
-17.3817   ,-1.2204
-17.542    ,-1.34847
-17.7024   ,-1.47667
-17.8631   ,-1.605
-18.024    ,-1.73346
-18.1851   ,-1.86205
-18.3463   ,-1.99077
-18.5078   ,-2.11962
-18.6695   ,-2.24861
-18.8313   ,-2.37773
-18.9934   ,-2.50698
-19.1556   ,-2.63636
-19.3181   ,-2.76588
-19.4808   ,-2.89553
-19.6436   ,-3.02532
-19.8067   ,-3.15524
-19.9699   ,-3.2853
-20.1334   ,-3.41549
-20.2971   ,-3.54582
-20.4609   ,-3.67628
-20.625    ,-3.80688
-20.7893   ,-3.93762
-20.9537   ,-4.0685
-21.1184   ,-4.19951
-13.25     ,9.01772
-13.4816   ,8.83056
-13.7134   ,8.64323
-13.9456   ,8.45573
-14.1779   ,8.26807
-14.4106   ,8.08023
-14.6434   ,7.89222
-14.8766   ,7.70405
-15.11     ,7.5157
-15.3437   ,7.32718
-15.5776   ,7.13848
-15.8118   ,6.94961
-16.0463   ,6.76057
-16.281    ,6.57136
-16.516    ,6.38197
-16.7513   ,6.1924
-16.9868   ,6.00266
-17.2226   ,5.81274
-17.4587   ,5.62265
-17.695    ,5.43237
-12.8979   ,9.70438
-13.1336   ,9.51386
-13.3695   ,9.32317
-13.6056   ,9.1323
-13.842    ,8.94127
-14.0787   ,8.75006
-14.3156   ,8.55868
-14.5528   ,8.36713
-14.7903   ,8.1754
-15.028    ,7.9835
-15.266    ,7.79142
-15.5043   ,7.59917
-15.7428   ,7.40674
-15.9816   ,7.21414
-16.2207   ,7.02136
-16.46     ,6.8284
-16.6997   ,6.63527
-16.9395   ,6.44195
-17.1797   ,6.24846
-17.4201   ,6.05478
-17.6608   ,5.86093
-17.9018   ,5.6669
-18.1431   ,5.47268
-18.3846   ,5.27828
-18.6264   ,5.0837
-18.8685   ,4.88893
-19.1109   ,4.69399
-19.3535   ,4.49885
-19.5964   ,4.30354
-19.8396   ,4.10803
-20.0831   ,3.91234
-20.3269   ,3.71647
-20.5709   ,3.5204
-20.8153   ,3.32415
-21.0599   ,3.12771
-21.3048   ,2.93108
-21.55     ,2.73427
-21.7954   ,2.53726
-22.0412   ,2.34006
-22.2873   ,2.14267
-6.65794   ,23.2335
-6.97999   ,22.9712
-7.30237   ,22.7086
-7.62509   ,22.4458
-7.94815   ,22.1828
-8.27154   ,21.9195
-8.59527   ,21.6561
-8.91934   ,21.3924
-9.24375   ,21.1285
-9.5685    ,20.8644
-9.89359   ,20.6001
-10.219    ,20.3355
-10.5448   ,20.0708
-10.8709   ,19.8058
-11.1974   ,19.5406
-11.5242   ,19.2751
-11.8514   ,19.0094
-12.1789   ,18.7436
-12.5068   ,18.4774
-12.835    ,18.2111
-13.1636   ,17.9445
-13.4925   ,17.6777
-13.8218   ,17.4106
-14.1514   ,17.1434
-14.4814   ,16.8759
-14.8118   ,16.6081
-15.1425   ,16.3402
-15.4735   ,16.072
-15.805    ,15.8035
-16.1367   ,15.5349
-16.4689   ,15.266
-16.8014   ,14.9968
-17.1343   ,14.7274
-17.4675   ,14.4578
-17.8011   ,14.1879
-18.1351   ,13.9178
-18.4695   ,13.6475
-18.8042   ,13.3769
-19.1393   ,13.1061
-19.4747   ,12.835
-4.87312   ,24.6882
-5.19332   ,24.427
-5.51385   ,24.1656
-5.83471   ,23.904
-6.1559    ,23.6422
-6.47742   ,23.3802
-6.79928   ,23.1179
-7.12147   ,22.8555
-7.44399   ,22.5928
-7.76685   ,22.3299
-8.09005   ,22.0668
-8.41359   ,21.8035
-8.73746   ,21.5399
-9.06167   ,21.2762
-9.38623   ,21.0122
-9.71113   ,20.748
-10.0364   ,20.4836
-10.3619   ,20.2189
-10.6879   ,19.9541
-11.0141   ,19.689
-16.1858   ,-52.9605
-15.765    ,-52.6134
-15.3438   ,-52.2659
-14.9222   ,-51.9183
-14.5002   ,-51.5704
-14.0778   ,-51.2223
-13.6551   ,-50.8739
-13.2319   ,-50.5253
-12.8083   ,-50.1764
-12.3844   ,-49.8273
-21.9532   ,-49.2583
-21.6308   ,-48.9906
-21.3081   ,-48.7227
-20.9851   ,-48.4547
-20.6619   ,-48.1865
-20.3383   ,-47.9181
-20.0145   ,-47.6495
-19.6904   ,-47.3808
-19.366    ,-47.1119
-19.0414   ,-46.8428
-23.5144   ,-9.66254
-23.6431   ,-9.7637
-23.7721   ,-9.86497
-23.9012   ,-9.96636
-24.0304   ,-10.0679
-24.1599   ,-10.1695
-24.2895   ,-10.2713
-24.4193   ,-10.3731
-24.5493   ,-10.4751
-24.6795   ,-10.5772
-19.688    ,2.11829
-19.9081   ,1.94172
-20.1284   ,1.76498
-20.349    ,1.58807
-20.5699   ,1.41099
-20.791    ,1.23373
-21.0124   ,1.0563
-21.234    ,0.878692
-21.4559   ,0.700911
-21.6781   ,0.522955
-16.655    ,7.5687
-16.9047   ,7.36734
-17.1547   ,7.1658
-17.4049   ,6.96407
-17.6555   ,6.76216
-17.9063   ,6.56005
-18.1574   ,6.35776
-18.4089   ,6.15528
-18.6606   ,5.95261
-18.9125   ,5.74976
-19.1648   ,5.54671
-19.4174   ,5.34347
-19.6702   ,5.14004
-19.9234   ,4.93642
-20.1768   ,4.7326
-20.4305   ,4.52859
-20.6845   ,4.32439
-20.9389   ,4.12
-21.1935   ,3.91541
-21.4484   ,3.71062
-21.7036   ,3.50564
-21.9591   ,3.30046
-22.2149   ,3.09508
-22.471    ,2.88951
-22.7274   ,2.68373
-22.984    ,2.47776
-23.241    ,2.27159
-23.4983   ,2.06522
-23.7559   ,1.85864
-24.0138   ,1.65187
-12.1757   ,15.2283
-12.4649   ,14.9938
-12.7544   ,14.7591
-13.0442   ,14.5243
-13.3343   ,14.2892
-13.6247   ,14.0539
-13.9155   ,13.8184
-14.2065   ,13.5828
-14.4979   ,13.3469
-14.7896   ,13.1108
-3.65934   ,25.4799
-3.97611   ,25.2213
-4.29321   ,24.9625
-4.61063   ,24.7035
-4.92837   ,24.4442
-5.24644   ,24.1848
-5.56484   ,23.9252
-5.88356   ,23.6653
-6.20262   ,23.4053
-6.522     ,23.145
-6.84172   ,22.8845
-7.16177   ,22.6238
-7.48215   ,22.3629
-7.80286   ,22.1018
-8.12391   ,21.8405
-8.44529   ,21.5789
-8.76701   ,21.3171
-9.08907   ,21.0551
-9.41147   ,20.7929
-9.73421   ,20.5305
-10.0573   ,20.2679
-10.3807   ,20.005
-10.7045   ,19.7419
-11.0286   ,19.4786
-11.353    ,19.2151
-11.6778   ,18.9513
-12.003    ,18.6873
-12.3284   ,18.4231
-12.6543   ,18.1587
-12.9805   ,17.894
-13.307    ,17.6291
-13.6339   ,17.364
-13.9611   ,17.0986
-14.2887   ,16.8331
-14.6167   ,16.5673
-14.945    ,16.3012
-15.2737   ,16.035
-15.6027   ,15.7684
-15.9321   ,15.5017
-16.2618   ,15.2347
-16.5919   ,14.9675
-16.9224   ,14.7001
-17.2532   ,14.4324
-17.5844   ,14.1645
-17.9159   ,13.8963
-18.2479   ,13.6279
-18.5801   ,13.3593
-18.9128   ,13.0904
-19.2458   ,12.8213
-19.5792   ,12.552
-19.913    ,12.2824
-20.2471   ,12.0125
-20.5816   ,11.7424
-20.9165   ,11.4721
-21.2518   ,11.2015
-21.5874   ,10.9307
-21.9234   ,10.6596
-22.2598   ,10.3883
-22.5966   ,10.1167
-22.9337   ,9.84489
-23.2712   ,9.57281
-23.6092   ,9.30049
-23.9475   ,9.02791
-24.2861   ,8.75508
-24.6252   ,8.48199
-24.9647   ,8.20865
-25.3045   ,7.93506
-25.6447   ,7.66121
-25.9853   ,7.3871
-26.3264   ,7.11273
-26.6678   ,6.83811
-27.0096   ,6.56322
-27.3518   ,6.28808
-27.6943   ,6.01267
-28.0373   ,5.737
-28.3807   ,5.46107
-28.7245   ,5.18487
-29.0687   ,4.90841
-29.4132   ,4.63169
-29.7582   ,4.3547
-30.1036   ,4.07744
-30.4494   ,3.79991
-30.7956   ,3.52212
-31.1422   ,3.24406
-31.4892   ,2.96572
-31.8366   ,2.68712
-32.1844   ,2.40824
-32.5327   ,2.12909
-32.8813   ,1.84967
-33.2304   ,1.56997
-16.6105   ,-23.5559
-16.5174   ,-23.4768
-16.4242   ,-23.3977
-16.331    ,-23.3185
-16.2377   ,-23.2393
-16.1444   ,-23.16
-16.0509   ,-23.0807
-15.9575   ,-23.0014
-15.8639   ,-22.922
-15.7703   ,-22.8427
-25.1856   ,-42.9496
-24.9649   ,-42.7646
-24.7441   ,-42.5794
-24.523    ,-42.3941
-24.3018   ,-42.2088
-24.0805   ,-42.0233
-23.8589   ,-41.8377
-23.6372   ,-41.6521
-23.4153   ,-41.4663
-23.1932   ,-41.2804
-22.971    ,-41.0945
-22.7485   ,-40.9084
-22.5259   ,-40.7222
-22.3031   ,-40.5359
-22.0802   ,-40.3495
-21.857    ,-40.163
-21.6337   ,-39.9764
-21.4102   ,-39.7897
-21.1865   ,-39.6028
-20.9627   ,-39.4159
-41.9296   ,-77.7562
-41.4934   ,-77.3918
-41.057    ,-77.0272
-40.6201   ,-76.6624
-40.1829   ,-76.2974
-39.7454   ,-75.9322
-39.3075   ,-75.5668
-38.8692   ,-75.2011
-38.4306   ,-74.8353
-37.9916   ,-74.4692
-63.8642   ,-128.468
-63.0896   ,-127.823
-62.3144   ,-127.177
-61.5385   ,-126.531
-60.7619   ,-125.885
-59.9847   ,-125.238
-59.2068   ,-124.591
-58.4283   ,-123.943
-57.6491   ,-123.295
-56.8692   ,-122.646
-56.0887   ,-121.998
-55.3075   ,-121.348
-54.5257   ,-120.699
-53.7431   ,-120.049
-52.9599   ,-119.398
-52.1761   ,-118.747
-51.3915   ,-118.096
-50.6063   ,-117.444
-49.8203   ,-116.792
-49.0337   ,-116.139
-72.3977   ,-90.9089
-72.1216   ,-90.6699
-71.8453   ,-90.4308
-71.569    ,-90.1917
-71.2924   ,-89.9525
-71.0158   ,-89.7133
-70.739    ,-89.474
-70.4621   ,-89.2347
-70.185    ,-88.9952
-69.9078   ,-88.7558
-69.6305   ,-88.5162
-69.353    ,-88.2766
-69.0754   ,-88.037
-68.7976   ,-87.7972
-68.5197   ,-87.5574
-68.2417   ,-87.3176
-67.9635   ,-87.0776
-67.6852   ,-86.8377
-67.4067   ,-86.5976
-67.1281   ,-86.3575
-61.4584   ,-21.6947
-61.8342   ,-21.9911
-62.2106   ,-22.2878
-62.5874   ,-22.5849
-62.9648   ,-22.8824
-63.3426   ,-23.1801
-63.721    ,-23.4782
-64.0998   ,-23.7767
-64.4792   ,-24.0755
-64.859    ,-24.3747
-65.2394   ,-24.6742
-65.6203   ,-24.974
-66.0016   ,-25.2742
-66.3835   ,-25.5748
-66.766    ,-25.8757
-67.1489   ,-26.1769
-67.5323   ,-26.4785
-67.9163   ,-26.7805
-68.3008   ,-27.0828
-68.6858   ,-27.3854
-69.0713   ,-27.6884
-69.4573   ,-27.9918
-69.8439   ,-28.2955
-70.231    ,-28.5996
-70.6186   ,-28.9041
-71.0067   ,-29.2089
-71.3954   ,-29.5141
-71.7846   ,-29.8196
-72.1743   ,-30.1255
-72.5646   ,-30.4318
-72.9554   ,-30.7384
-73.3467   ,-31.0454
-73.7386   ,-31.3528
-74.131    ,-31.6605
-74.5239   ,-31.9686
-74.9174   ,-32.2771
-75.3114   ,-32.5859
-75.706    ,-32.8951
-76.1011   ,-33.2047
-76.4968   ,-33.5147
-76.893    ,-33.825
-77.2898   ,-34.1358
-77.6871   ,-34.4469
-78.0849   ,-34.7583
-78.4833   ,-35.0702
-78.8823   ,-35.3824
-79.2818   ,-35.695
-79.6819   ,-36.008
-80.0825   ,-36.3214
-80.4837   ,-36.6352
-80.8854   ,-36.9493
-81.2877   ,-37.2639
-81.6906   ,-37.5788
-82.0941   ,-37.8941
-82.4981   ,-38.2098
-82.9026   ,-38.5259
-83.3078   ,-38.8424
-83.7135   ,-39.1593
-84.1198   ,-39.4766
-84.5266   ,-39.7942
-84.9341   ,-40.1123
-85.3421   ,-40.4308
-85.7506   ,-40.7496
-86.1598   ,-41.0689
-86.5695   ,-41.3885
-86.9799   ,-41.7086
-87.3908   ,-42.0291
-87.8023   ,-42.3499
-88.2143   ,-42.6712
-88.627    ,-42.9929
-89.0402   ,-43.315
-89.4541   ,-43.6374
-89.8685   ,-43.9603
-90.2835   ,-44.2836
-90.6991   ,-44.6074
-91.1154   ,-44.9315
-91.5322   ,-45.256
-91.9496   ,-45.581
-92.3676   ,-45.9063
-92.7862   ,-46.2321
-93.2054   ,-46.5583
-93.6252   ,-46.8849
-94.0456   ,-47.212
-94.4666   ,-47.5394
-94.8883   ,-47.8673
-95.3105   ,-48.1956
-95.7334   ,-48.5243
-96.1568   ,-48.8535
-96.5809   ,-49.1831
-97.0056   ,-49.5131
-64.4234   ,13.7974
-65.2193   ,13.1578
-66.0161   ,12.5176
-66.8139   ,11.8768
-67.6126   ,11.2354
-68.4122   ,10.5934
-69.2127   ,9.95078
-70.0142   ,9.30752
-70.8166   ,8.66364
-71.62     ,8.01913
-54.2589   ,3.5689
-54.8407   ,3.10271
-55.4231   ,2.63606
-56.0062   ,2.16895
-56.5901   ,1.70138
-57.1746   ,1.23334
-57.7598   ,0.764847
-58.3457   ,0.295885
-58.9323   ,-0.173543
-59.5196   ,-0.64344
-55.018    ,-16.4432
-55.3872   ,-16.7354
-55.7569   ,-17.0278
-56.127    ,-17.3206
-56.4977   ,-17.6138
-56.8688   ,-17.9072
-57.2404   ,-18.201
-57.6125   ,-18.4951
-57.9851   ,-18.7896
-58.3582   ,-19.0843
-58.7317   ,-19.3795
-59.1058   ,-19.6749
-59.4803   ,-19.9707
-59.8553   ,-20.2668
-60.2308   ,-20.5632
-60.6069   ,-20.86
-60.9834   ,-21.1571
-61.3604   ,-21.4546
-61.7379   ,-21.7524
-62.1159   ,-22.0505
-45.9127   ,12.2225
-46.5062   ,11.7452
-47.1004   ,11.2675
-47.6952   ,10.7893
-48.2908   ,10.3106
-48.887    ,9.83147
-49.4839   ,9.3519
-50.0815   ,8.87186
-50.6798   ,8.39136
-51.2788   ,7.9104
-51.8785   ,7.42897
-52.4789   ,6.94709
-53.08     ,6.46473
-53.6818   ,5.98191
-54.2844   ,5.49862
-54.8876   ,5.01485
-55.4915   ,4.53062
-56.0962   ,4.04591
-56.7015   ,3.56073
-57.3076   ,3.07507
-57.9144   ,2.58893
-58.5219   ,2.10232
-59.1302   ,1.61522
-59.7392   ,1.12764
-60.3489   ,0.63958
-60.9593   ,0.151033
-61.5704   ,-0.338001
-62.1823   ,-0.827522
-62.7949   ,-1.31753
-63.4083   ,-1.80803
-64.0224   ,-2.29903
-64.6372   ,-2.79052
-65.2528   ,-3.2825
-65.8691   ,-3.77498
-66.4862   ,-4.26796
-67.104    ,-4.76144
-67.7226   ,-5.25542
-68.3419   ,-5.7499
-68.962    ,-6.24488
-69.5828   ,-6.74037
-70.2044   ,-7.23637
-70.8267   ,-7.73288
-71.4498   ,-8.2299
-72.0737   ,-8.72743
-72.6983   ,-9.22547
-73.3237   ,-9.72403
-73.9499   ,-10.2231
-74.5768   ,-10.7227
-75.2046   ,-11.2228
-75.8331   ,-11.7234
-51.7226   ,21.6716
-52.4781   ,21.0628
-53.2345   ,20.4534
-53.9917   ,19.8435
-54.7498   ,19.2329
-55.5087   ,18.6218
-56.2686   ,18.0102
-57.0293   ,17.3979
-57.7908   ,16.7851
-58.5533   ,16.1717
-59.3166   ,15.5578
-60.0808   ,14.9432
-60.8459   ,14.3281
-61.6119   ,13.7123
-62.3787   ,13.096
-63.1465   ,12.4791
-63.9151   ,11.8617
-64.6846   ,11.2436
-65.4551   ,10.6249
-66.2264   ,10.0057
-66.9986   ,9.38579
-67.7717   ,8.76533
-68.5458   ,8.14427
-69.3207   ,7.5226
-70.0966   ,6.90033
-70.8733   ,6.27746
-71.651    ,5.65397
-72.4296   ,5.02988
-73.2092   ,4.40517
-73.9896   ,3.77985
-74.771    ,3.15392
-75.5533   ,2.52737
-76.3365   ,1.90019
-77.1207   ,1.2724
-77.9058   ,0.643983
-78.6918   ,0.0149405
-79.4788   ,-0.614729
-80.2667   ,-1.24503
-81.0556   ,-1.87596
-81.8454   ,-2.50752
-82.6362   ,-3.13971
-83.4279   ,-3.77254
-84.2206   ,-4.40601
-85.0142   ,-5.04013
-85.8088   ,-5.67488
-86.6044   ,-6.31027
-87.4009   ,-6.94632
-88.1984   ,-7.58301
-88.9969   ,-8.22035
-89.7964   ,-8.85834
-90.5968   ,-9.49699
-91.3982   ,-10.1363
-92.2006   ,-10.7762
-93.0039   ,-11.4169
-93.8083   ,-12.0581
-94.6136   ,-12.7001
-95.42     ,-13.3427
-96.2273   ,-13.986
-97.0356   ,-14.6299
-97.8449   ,-15.2745
-98.6553   ,-15.9198
-99.4666   ,-16.5658
-100.279   ,-17.2124
-101.092   ,-17.8597
-101.907   ,-18.5077
-102.722   ,-19.1564
-103.538   ,-19.8058
-104.356   ,-20.4559
-105.174   ,-21.1066
-105.994   ,-21.758
-42.4088   ,-22.1478
-42.5891   ,-22.2878
-42.7698   ,-22.4279
-42.9507   ,-22.5682
-43.1318   ,-22.7087
-43.3132   ,-22.8494
-43.4949   ,-22.9902
-43.6769   ,-23.1313
-43.8591   ,-23.2725
-44.0416   ,-23.4139
-9.19461   ,94.7538
-10.3287   ,93.8275
-11.464    ,92.9004
-12.6005   ,91.9726
-13.7381   ,91.044
-14.8769   ,90.1147
-16.0168   ,89.1847
-17.1579   ,88.2539
-18.3002   ,87.3223
-19.4436   ,86.39
-20.5882   ,85.457
-21.734    ,84.5231
-22.881    ,83.5886
-24.0292   ,82.6532
-25.1786   ,81.7171
-26.3292   ,80.7802
-27.4809   ,79.8426
-28.6339   ,78.9041
-29.7881   ,77.9649
-30.9435   ,77.0249
-32.1001   ,76.0842
-33.2579   ,75.1426
-34.417    ,74.2003
-35.5773   ,73.2571
-36.7388   ,72.3132
-37.9015   ,71.3685
-39.0655   ,70.4229
-40.2307   ,69.4766
-41.3971   ,68.5295
-42.5648   ,67.5815
-43.7338   ,66.6328
-44.904    ,65.6832
-46.0754   ,64.7328
-47.2481   ,63.7816
-48.4221   ,62.8296
-49.5973   ,61.8768
-50.7739   ,60.9231
-51.9517   ,59.9686
-53.1307   ,59.0133
-54.3111   ,58.0571
-20.3247   ,66.1634
-21.2557   ,65.4053
-22.1876   ,64.6466
-23.1205   ,63.8873
-24.0543   ,63.1274
-24.9892   ,62.3668
-25.925    ,61.6056
-26.8618   ,60.8437
-27.7996   ,60.0812
-28.7384   ,59.3181
-29.6782   ,58.5543
-30.619    ,57.7899
-31.5608   ,57.0249
-32.5035   ,56.2592
-33.4473   ,55.4928
-34.3921   ,54.7258
-35.3379   ,53.9581
-36.2847   ,53.1898
-37.2326   ,52.4208
-38.1814   ,51.6512
-39.1313   ,50.8808
-40.0822   ,50.1099
-41.0341   ,49.3382
-41.9871   ,48.5659
-42.9411   ,47.7929
-43.8961   ,47.0192
-44.8522   ,46.2449
-45.8093   ,45.4699
-46.7675   ,44.6942
-47.7267   ,43.9178
-48.687    ,43.1407
-49.6483   ,42.363
-50.6106   ,41.5845
-51.5741   ,40.8054
-52.5386   ,40.0255
-53.5041   ,39.245
-54.4708   ,38.4637
-55.4385   ,37.6818
-56.4073   ,36.8992
-57.3771   ,36.1158
-58.3481   ,35.3317
-59.3201   ,34.547
-60.2932   ,33.7615
-61.2674   ,32.9753
-62.2427   ,32.1884
-63.2191   ,31.4007
-64.1966   ,30.6124
-65.1752   ,29.8233
-66.155    ,29.0335
-67.1358   ,28.2429
-31.0038   ,-36.324
-30.9141   ,-36.2451
-30.8245   ,-36.1662
-30.7348   ,-36.0873
-30.6451   ,-36.0084
-30.5553   ,-35.9295
-30.4656   ,-35.8505
-30.3758   ,-35.7716
-30.2859   ,-35.6927
-30.1961   ,-35.6137
-61.5194   ,-138.624
-60.6097   ,-137.869
-59.6991   ,-137.113
-58.7878   ,-136.356
-57.8756   ,-135.6
-56.9627   ,-134.842
-56.0489   ,-134.084
-55.1344   ,-133.326
-54.2191   ,-132.567
-53.3029   ,-131.808
-71.2801   ,-137.145
-70.4842   ,-136.481
-69.6876   ,-135.816
-68.8904   ,-135.151
-68.0926   ,-134.486
-67.294    ,-133.82
-66.4949   ,-133.154
-65.695    ,-132.488
-64.8945   ,-131.821
-64.0933   ,-131.154
-87.5373   ,-154.136
-86.7171   ,-153.449
-85.8963   ,-152.762
-85.0747   ,-152.074
-84.2526   ,-151.386
-83.4298   ,-150.698
-82.6063   ,-150.009
-81.7821   ,-149.319
-80.9574   ,-148.63
-80.1319   ,-147.94
-139.414   ,-261.781
-137.928   ,-260.54
-136.442   ,-259.299
-134.954   ,-258.057
-133.465   ,-256.814
-131.974   ,-255.57
-130.483   ,-254.326
-128.99    ,-253.081
-127.496   ,-251.835
-126       ,-250.588
-205.177   ,-332.327
-203.573   ,-330.978
-201.968   ,-329.627
-200.362   ,-328.277
-198.754   ,-326.925
-197.145   ,-325.573
-195.536   ,-324.22
-193.924   ,-322.866
-192.312   ,-321.512
-190.698   ,-320.156
-189.084   ,-318.801
-187.467   ,-317.444
-185.85    ,-316.087
-184.232   ,-314.729
-182.612   ,-313.37
-180.991   ,-312.011
-179.368   ,-310.651
-177.745   ,-309.29
-176.12    ,-307.928
-174.494   ,-306.566
-172.867   ,-305.202
-171.238   ,-303.839
-169.608   ,-302.474
-167.977   ,-301.109
-166.344   ,-299.742
-164.71    ,-298.375
-163.075   ,-297.008
-161.439   ,-295.639
-159.801   ,-294.27
-158.162   ,-292.9
-156.522   ,-291.529
-154.88    ,-290.158
-153.237   ,-288.785
-151.593   ,-287.412
-149.947   ,-286.038
-148.3     ,-284.663
-146.651   ,-283.288
-145.002   ,-281.911
-143.35    ,-280.534
-141.698   ,-279.156
-140.044   ,-277.777
-138.389   ,-276.398
-136.732   ,-275.017
-135.074   ,-273.636
-133.415   ,-272.254
-131.754   ,-270.871
-130.092   ,-269.487
-128.429   ,-268.102
-126.764   ,-266.717
-125.097   ,-265.331
-163.132   ,-193.863
-162.631   ,-193.423
-162.129   ,-192.984
-161.628   ,-192.544
-161.126   ,-192.104
-160.624   ,-191.664
-160.122   ,-191.224
-159.619   ,-190.784
-159.117   ,-190.344
-158.614   ,-189.904
-143.405   ,-83.7484
-143.918   ,-84.1419
-144.431   ,-84.536
-144.946   ,-84.9306
-145.461   ,-85.3258
-145.977   ,-85.7215
-146.493   ,-86.1179
-147.011   ,-86.5148
-147.529   ,-86.9122
-148.048   ,-87.3102
-148.568   ,-87.7088
-149.089   ,-88.108
-149.611   ,-88.5077
-150.133   ,-88.9081
-150.656   ,-89.3089
-151.181   ,-89.7104
-151.705   ,-90.1125
-152.231   ,-90.5151
-152.758   ,-90.9183
-153.285   ,-91.3221
-153.813   ,-91.7265
-154.342   ,-92.1315
-154.872   ,-92.537
-155.403   ,-92.9432
-155.934   ,-93.3499
-156.467   ,-93.7572
-157       ,-94.1651
-157.534   ,-94.5737
-158.069   ,-94.9828
-158.605   ,-95.3925
-159.142   ,-95.8028
-159.679   ,-96.2137
-160.217   ,-96.6252
-160.757   ,-97.0373
-161.297   ,-97.45
-161.838   ,-97.8634
-162.379   ,-98.2773
-162.922   ,-98.6918
-163.465   ,-99.107
-164.01    ,-99.5227
-164.555   ,-99.9391
-165.101   ,-100.356
-165.648   ,-100.774
-166.196   ,-101.192
-166.745   ,-101.611
-167.294   ,-102.03
-167.845   ,-102.45
-168.396   ,-102.871
-168.949   ,-103.292
-169.502   ,-103.714
-170.056   ,-104.137
-170.611   ,-104.56
-171.167   ,-104.984
-171.723   ,-105.408
-172.281   ,-105.834
-172.84    ,-106.259
-173.399   ,-106.686
-173.959   ,-107.113
-174.521   ,-107.54
-175.083   ,-107.969
-175.646   ,-108.398
-176.21    ,-108.827
-176.775   ,-109.257
-177.341   ,-109.688
-177.907   ,-110.12
-178.475   ,-110.552
-179.044   ,-110.985
-179.613   ,-111.418
-180.183   ,-111.852
-180.755   ,-112.287
-181.327   ,-112.723
-181.9     ,-113.159
-182.475   ,-113.596
-183.05    ,-114.033
-183.626   ,-114.471
-184.203   ,-114.91
-184.781   ,-115.349
-185.359   ,-115.789
-185.939   ,-116.23
-186.52    ,-116.672
-187.102   ,-117.114
-187.684   ,-117.557
-188.268   ,-118
-188.853   ,-118.444
-189.438   ,-118.889
-190.025   ,-119.334
-190.612   ,-119.781
-191.2     ,-120.228
-191.79    ,-120.675
-192.38    ,-121.123
-192.972   ,-121.572
-193.564   ,-122.022
-194.157   ,-122.472
-194.751   ,-122.923
-195.347   ,-123.375
-195.943   ,-123.827
-196.54    ,-124.28
-197.138   ,-124.734
-197.738   ,-125.189
-198.338   ,-125.644
-99.8473   ,132.591
-102.304   ,130.599
-104.764   ,128.605
-107.226   ,126.609
-109.691   ,124.612
-112.158   ,122.613
-114.629   ,120.612
-117.101   ,118.61
-119.577   ,116.605
-122.055   ,114.599
-124.536   ,112.591
-127.02    ,110.582
-129.507   ,108.57
-131.996   ,106.557
-134.488   ,104.542
-136.983   ,102.525
-139.48    ,100.507
-141.98    ,98.4864
-144.484   ,96.4642
-146.989   ,94.4401
-24.7531   ,299.238
-28.2921   ,296.346
-31.8348   ,293.453
-35.381    ,290.557
-38.9308   ,287.659
-42.4843   ,284.759
-46.0414   ,281.856
-49.6021   ,278.951
-53.1665   ,276.044
-56.7345   ,273.134
-60.3063   ,270.222
-63.8817   ,267.307
-67.4608   ,264.391
-71.0436   ,261.471
-74.6301   ,258.55
-78.2203   ,255.626
-81.8143   ,252.699
-85.4121   ,249.771
-89.0136   ,246.839
-92.6188   ,243.906
-96.2279   ,240.97
-99.8407   ,238.031
-103.457   ,235.09
-107.078   ,232.147
-110.702   ,229.201
-114.33    ,226.252
-117.962   ,223.301
-121.598   ,220.348
-125.238   ,217.392
-128.881   ,214.434
-132.529   ,211.473
-136.18    ,208.509
-139.836   ,205.543
-143.495   ,202.574
-147.158   ,199.603
-150.825   ,196.63
-154.496   ,193.653
-158.171   ,190.675
-161.85    ,187.693
-165.533   ,184.709
-169.22    ,181.722
-172.911   ,178.733
-176.606   ,175.741
-180.306   ,172.747
-184.009   ,169.75
-187.716   ,166.75
-191.427   ,163.747
-195.143   ,160.742
-198.862   ,157.734
-202.586   ,154.724
-206.313   ,151.711
-210.045   ,148.695
-213.781   ,145.676
-217.521   ,142.655
-221.266   ,139.631
-225.014   ,136.604
-228.767   ,133.574
-232.524   ,130.542
-236.285   ,127.507
-240.05    ,124.469
-243.82    ,121.429
-247.594   ,118.385
-251.372   ,115.339
-255.154   ,112.29
-258.941   ,109.238
-262.732   ,106.183
-266.527   ,103.126
-270.326   ,100.066
-274.13    ,97.0023
-277.938   ,93.9362
-281.751   ,90.8673
-285.568   ,87.7955
-289.389   ,84.7208
-293.215   ,81.6432
-297.045   ,78.5627
-300.88    ,75.4793
-304.719   ,72.3929
-308.562   ,69.3036
-312.41    ,66.2114
-316.262   ,63.1162
-196.234   ,-49.4885
-197.652   ,-50.613
-199.072   ,-51.7387
-200.493   ,-52.8656
-201.917   ,-53.9938
-203.342   ,-55.1232
-204.769   ,-56.2538
-206.198   ,-57.3856
-207.628   ,-58.5188
-209.061   ,-59.6531
-168.078   ,12.0663
-169.892   ,10.6131
-171.707   ,9.15847
-173.525   ,7.70238
-175.345   ,6.24486
-177.167   ,4.78589
-178.991   ,3.32548
-180.818   ,1.86362
-182.646   ,0.400308
-184.477   ,-1.06447
-174.783   ,-70.9347
-175.751   ,-71.6946
-176.72    ,-72.4554
-177.69    ,-73.217
-178.661   ,-73.9796
-179.634   ,-74.7431
-180.608   ,-75.5074
-181.583   ,-76.2727
-182.56    ,-77.0389
-183.538   ,-77.8061
-181.709   ,-115.034
-182.26    ,-115.453
-182.813   ,-115.872
-183.366   ,-116.291
-183.921   ,-116.712
-184.476   ,-117.133
-185.032   ,-117.554
-185.589   ,-117.976
-186.147   ,-118.399
-186.706   ,-118.823
-187.266   ,-119.247
-187.827   ,-119.672
-188.389   ,-120.098
-188.952   ,-120.524
-189.515   ,-120.951
-190.08    ,-121.378
-190.645   ,-121.807
-191.212   ,-122.235
-191.779   ,-122.665
-192.348   ,-123.095
-192.872   ,-149.067
-193.161   ,-149.268
-193.451   ,-149.47
-193.741   ,-149.673
-194.032   ,-149.875
-194.323   ,-150.079
-194.616   ,-150.283
-194.909   ,-150.487
-195.202   ,-150.692
-195.497   ,-150.897
-199.703   ,-164.988
-199.885   ,-165.101
-200.068   ,-165.214
-200.251   ,-165.327
-200.435   ,-165.441
-200.619   ,-165.556
-200.804   ,-165.671
-200.99    ,-165.786
-201.176   ,-165.902
-201.363   ,-166.018
-201.55    ,-166.135
-201.738   ,-166.252
-201.926   ,-166.37
-202.116   ,-166.488
-202.305   ,-166.607
-202.496   ,-166.726
-202.686   ,-166.845
-202.878   ,-166.965
-203.07    ,-167.085
-203.263   ,-167.206
-174.461   ,-54.0093
-175.611   ,-54.9189
-176.763   ,-55.8295
-177.916   ,-56.7411
-179.071   ,-57.6538
-180.228   ,-58.5675
-181.386   ,-59.4822
-182.545   ,-60.3979
-183.706   ,-61.3147
-184.868   ,-62.2325
-86.0606   ,172.336
-88.8168   ,170.097
-91.5759   ,167.855
-94.338    ,165.612
-97.103    ,163.367
-99.871    ,161.12
-102.642   ,158.871
-105.416   ,156.62
-108.193   ,154.367
-110.973   ,152.112
-113.755   ,149.855
-116.541   ,147.596
-119.33    ,145.336
-122.122   ,143.073
-124.917   ,140.808
-127.715   ,138.542
-130.516   ,136.273
-133.32    ,134.002
-136.127   ,131.73
-138.937   ,129.455
-75.9857   ,116.45
-78.0264   ,114.794
-80.0693   ,113.137
-82.1144   ,111.478
-84.1617   ,109.818
-86.2112   ,108.156
-88.263    ,106.493
-90.3169   ,104.829
-92.3731   ,103.163
-94.4315   ,101.495
-96.4922   ,99.8264
-98.5551   ,98.156
-100.62    ,96.4842
-102.688   ,94.8109
-104.757   ,93.1361
-106.829   ,91.4598
-108.904   ,89.782
-110.98    ,88.1028
-113.059   ,86.422
-115.14    ,84.7397
-32.5378   ,209.632
-35.169    ,207.485
-37.8029   ,205.336
-40.4395   ,203.186
-43.0789   ,201.033
-45.7209   ,198.879
-48.3657   ,196.724
-51.0132   ,194.566
-53.6635   ,192.407
-56.3165   ,190.246
-11.2935   ,67.1478
-12.1449   ,66.4531
-12.9973   ,65.7578
-13.8505   ,65.062
-14.7046   ,64.3657
-15.5595   ,63.6688
-16.4154   ,62.9713
-17.2721   ,62.2732
-18.1298   ,61.5746
-18.9883   ,60.8753
-14.8115   ,33.8198
-15.3315   ,33.3969
-15.8521   ,32.9737
-16.3732   ,32.5501
-16.8949   ,32.1261
-17.4171   ,31.7019
-17.9399   ,31.2772
-18.4633   ,30.8522
-18.9872   ,30.4268
-19.5116   ,30.0011
-20.0367   ,29.575
-20.5623   ,29.1485
-21.0884   ,28.7217
-21.6151   ,28.2945
-22.1424   ,27.8669
-22.6703   ,27.4389
-23.1987   ,27.0106
-23.7277   ,26.582
-24.2573   ,26.1529
-24.7875   ,25.7235
-25.3182   ,25.2936
-25.8495   ,24.8635
-26.3814   ,24.4329
-26.9139   ,24.0019
-27.4469   ,23.5706
-27.9806   ,23.1389
-28.5148   ,22.7068
-29.0496   ,22.2743
-29.585    ,21.8415
-30.121    ,21.4082
-0.0381407 ,91.7747
-1.04794   ,90.9485
-2.05876   ,90.1215
-3.07058   ,89.294
-4.08342   ,88.4658
-5.09728   ,87.6369
-6.11216   ,86.8074
-7.12806   ,85.9772
-8.14499   ,85.1464
-9.16295   ,84.3149
-10.1819   ,83.4828
-11.202    ,82.65
-12.223    ,81.8165
-13.2452   ,80.9824
-14.2683   ,80.1476
-15.2925   ,79.3121
-16.3178   ,78.476
-17.3441   ,77.6391
-18.3715   ,76.8016
-19.3999   ,75.9635
-20.4294   ,75.1246
-21.46     ,74.285
-22.4916   ,73.4448
-23.5243   ,72.6038
-24.5581   ,71.7622
-25.593    ,70.9199
-26.6289   ,70.0769
-27.6659   ,69.2332
-28.7041   ,68.3887
-29.7433   ,67.5436
-30.7836   ,66.6978
-31.825    ,65.8512
-32.8675   ,65.0039
-33.9111   ,64.156
-34.9559   ,63.3073
-36.0017   ,62.4579
-37.0487   ,61.6077
-38.0967   ,60.7569
-39.1459   ,59.9053
-40.1962   ,59.053
-41.2477   ,58.1999
-42.3003   ,57.3461
-43.354    ,56.4916
-44.4088   ,55.6364
-45.4648   ,54.7804
-46.5219   ,53.9236
-47.5802   ,53.0661
-48.6396   ,52.2079
-49.7002   ,51.3489
-50.762    ,50.4892
-51.8249   ,49.6287
-52.8889   ,48.7674
-53.9542   ,47.9054
-55.0206   ,47.0426
-56.0881   ,46.1791
-57.1569   ,45.3148
-58.2268   ,44.4497
-59.2979   ,43.5838
-60.3702   ,42.7172
-61.4437   ,41.8498
23.4833    ,207.21
21.4389    ,205.533
19.3926    ,203.855
17.3442    ,202.175
15.2938    ,200.494
13.2414    ,198.812
11.187     ,197.129
9.13055    ,195.444
7.07207    ,193.758
5.01155    ,192.071
2.94899    ,190.382
0.884375   ,188.692
-1.1823    ,187.001
-3.25104   ,185.309
-5.32184   ,183.615
-7.39473   ,181.92
-9.46969   ,180.224
-11.5468   ,178.526
-13.6259   ,176.827
-15.7072   ,175.126
-22.822    ,-127.903
-21.6432   ,-126.934
-20.4633   ,-125.965
-19.2822   ,-124.995
-18.1      ,-124.024
-16.9166   ,-123.053
-15.7321   ,-122.081
-14.5464   ,-121.108
-13.3596   ,-120.134
-12.1716   ,-119.16
-10.9825   ,-118.185
-9.79216   ,-117.209
-8.60068   ,-116.233
-7.40803   ,-115.255
-6.2142    ,-114.277
-5.01919   ,-113.299
-3.823     ,-112.319
-2.62562   ,-111.339
-1.42705   ,-110.358
-0.227288  ,-109.376
0.973674   ,-108.393
2.17584    ,-107.41
3.37921    ,-106.426
4.58378    ,-105.441
5.78957    ,-104.455
6.99658    ,-103.469
8.2048     ,-102.482
9.41425    ,-101.494
10.6249    ,-100.505
11.8368    ,-99.5155
8.8864     ,30.7431
8.63719    ,30.5375
8.38775    ,30.3318
8.13808    ,30.1259
7.88818    ,29.9199
7.63804    ,29.7137
7.38767    ,29.5074
7.13706    ,29.3009
6.88623    ,29.0943
6.63515    ,28.8875
6.38384    ,28.6806
6.13229    ,28.4736
5.8805     ,28.2664
5.62848    ,28.059
5.37621    ,27.8515
5.12371    ,27.6439
4.87097    ,27.4361
4.61798    ,27.2281
4.36475    ,27.02
4.11128    ,26.8117
3.85756    ,26.6033
3.6036     ,26.3947
3.34939    ,26.186
3.09494    ,25.9771
2.84024    ,25.7681
2.5853     ,25.5589
2.3301     ,25.3496
2.07466    ,25.1401
1.81896    ,24.9304
1.56302    ,24.7206
1.30682    ,24.5106
1.05037    ,24.3005
0.793672   ,24.0902
0.536717   ,23.8797
0.279507   ,23.6691
0.0220425  ,23.4583
-0.235678  ,23.2473
-0.493656  ,23.0362
-0.751891  ,22.8249
-1.01038   ,22.6135
12.4052    ,8.06187
12.4407    ,8.08856
12.4762    ,8.11529
12.5118    ,8.14206
12.5475    ,8.16888
12.5832    ,8.19574
12.619     ,8.22264
12.6548    ,8.24959
12.6907    ,8.27658
12.7267    ,8.30362
12.7627    ,8.3307
12.7988    ,8.35782
12.8349    ,8.38499
12.8712    ,8.41221
12.9074    ,8.43947
12.9438    ,8.46677
12.9802    ,8.49412
13.0166    ,8.52151
13.0532    ,8.54895
13.0898    ,8.57644
13.1264    ,8.60397
13.1631    ,8.63154
13.1999    ,8.65917
13.2368    ,8.68683
13.2737    ,8.71454
13.3107    ,8.7423
13.3477    ,8.77011
13.3848    ,8.79796
13.422     ,8.82586
13.4592    ,8.8538
13.4965    ,8.88179
13.5339    ,8.90982
13.5713    ,8.93791
13.6088    ,8.96604
13.6464    ,8.99421
13.684     ,9.02244
13.7217    ,9.05071
13.7595    ,9.07902
13.7973    ,9.10739
13.8352    ,9.1358
13.8731    ,9.16426
13.9112    ,9.19277
13.9492    ,9.22132
13.9874    ,9.24992
14.0256    ,9.27857
14.0639    ,9.30727
14.1023    ,9.33602
14.1407    ,9.36481
14.1792    ,9.39365
14.2178    ,9.42254
77.8435    ,244.506
75.9325    ,242.928
74.0197    ,241.349
72.1052    ,239.769
70.1889    ,238.188
68.2708    ,236.606
66.3509    ,235.023
64.4293    ,233.438
62.5059    ,231.853
60.5806    ,230.266
58.6536    ,228.679
56.7248    ,227.09
54.7941    ,225.5
52.8617    ,223.909
50.9274    ,222.316
48.9913    ,220.723
47.0534    ,219.128
45.1136    ,217.533
43.172     ,215.936
41.2285    ,214.338
121.653    ,339.757
119.133    ,337.672
116.61     ,335.586
114.084    ,333.499
111.557    ,331.41
109.027    ,329.32
106.495    ,327.228
103.96     ,325.135
101.424    ,323.04
98.8845    ,320.945
184.132    ,409.046
181.474    ,406.837
178.813    ,404.628
176.151    ,402.417
173.486    ,400.204
170.819    ,397.99
168.149    ,395.775
165.477    ,393.558
162.803    ,391.34
160.126    ,389.12
157.447    ,386.899
154.766    ,384.677
152.082    ,382.453
149.396    ,380.227
146.708    ,378
144.017    ,375.772
141.324    ,373.542
138.628    ,371.311
135.93     ,369.078
133.23     ,366.844
281.036    ,509.187
278.245    ,506.853
275.453    ,504.517
272.658    ,502.18
269.86     ,499.841
267.061    ,497.502
264.259    ,495.161
261.455    ,492.818
258.648    ,490.475
255.84     ,488.13
253.029    ,485.783
250.216    ,483.435
247.4      ,481.086
244.582    ,478.736
241.762    ,476.384
238.94     ,474.03
236.115    ,471.675
233.288    ,469.319
230.458    ,466.962
227.626    ,464.603
175.338    ,-41.0285
177.543    ,-39.2565
179.75     ,-37.4829
181.96     ,-35.7075
184.173    ,-33.9305
186.388    ,-32.1517
188.605    ,-30.3712
190.826    ,-28.5891
193.048    ,-26.8051
195.274    ,-25.0195
220.027    ,232.517
219.67     ,232.185
219.313    ,231.852
218.955    ,231.52
218.598    ,231.188
218.241    ,230.856
217.885    ,230.524
217.528    ,230.193
217.171    ,229.861
216.814    ,229.53
216.458    ,229.199
216.101    ,228.867
215.745    ,228.536
215.388    ,228.206
215.032    ,227.875
214.676    ,227.544
214.32     ,227.214
213.964    ,226.883
213.608    ,226.553
213.252    ,226.223
212.896    ,225.893
212.54     ,225.563
212.185    ,225.233
211.829    ,224.904
211.473    ,224.574
211.118    ,224.245
210.763    ,223.916
210.407    ,223.586
210.052    ,223.257
209.697    ,222.929
209.342    ,222.6
208.986    ,222.271
208.631    ,221.943
208.277    ,221.614
207.922    ,221.286
207.567    ,220.958
207.212    ,220.63
206.857    ,220.302
206.503    ,219.974
206.148    ,219.646
205.794    ,219.318
205.439    ,218.991
205.085    ,218.663
204.73     ,218.336
204.376    ,218.009
204.022    ,217.682
203.668    ,217.355
203.313    ,217.028
202.959    ,216.701
202.605    ,216.375
202.251    ,216.048
201.898    ,215.722
201.544    ,215.395
201.19     ,215.069
200.836    ,214.743
200.482    ,214.417
200.129    ,214.091
199.775    ,213.765
199.422    ,213.44
199.068    ,213.114
277.792    ,404.772
276.118    ,403.351
274.442    ,401.93
272.765    ,400.508
271.087    ,399.086
269.408    ,397.662
267.728    ,396.239
266.047    ,394.814
264.365    ,393.389
262.681    ,391.964
260.996    ,390.538
259.311    ,389.111
257.624    ,387.683
255.935    ,386.255
254.246    ,384.826
252.556    ,383.397
250.864    ,381.967
249.171    ,380.536
247.477    ,379.104
245.782    ,377.672
22.1124    ,-632.519
29.2914    ,-626.65
36.4775    ,-620.776
43.6709    ,-614.897
50.8716    ,-609.013
58.0796    ,-603.125
65.2948    ,-597.232
72.5174    ,-591.335
79.7474    ,-585.433
86.9847    ,-579.526
94.2295    ,-573.614
101.482    ,-567.698
108.741    ,-561.777
116.008    ,-555.851
123.283    ,-549.92
130.565    ,-543.985
137.854    ,-538.044
145.152    ,-532.099
152.456    ,-526.149
159.769    ,-520.194
167.088    ,-514.234
174.416    ,-508.269
181.751    ,-502.3
189.094    ,-496.325
196.445    ,-490.345
203.803    ,-484.36
211.169    ,-478.371
218.543    ,-472.376
225.925    ,-466.376
233.314    ,-460.372
240.712    ,-454.362
248.117    ,-448.347
255.53     ,-442.327
262.951    ,-436.302
270.38     ,-430.271
277.817    ,-424.236
285.262    ,-418.195
292.714    ,-412.149
300.175    ,-406.098
307.644    ,-400.042
315.121    ,-393.98
322.606    ,-387.914
330.1      ,-381.842
337.601    ,-375.764
345.11     ,-369.681
352.628    ,-363.593
360.154    ,-357.5
367.688    ,-351.401
375.231    ,-345.297
382.781    ,-339.188
390.34     ,-333.073
397.907    ,-326.952
405.483    ,-320.827
413.067    ,-314.695
420.66     ,-308.558
428.26     ,-302.416
435.87     ,-296.268
443.487    ,-290.115
451.114    ,-283.956
458.748    ,-277.792
466.392    ,-271.621
474.044    ,-265.446
481.704    ,-259.264
489.373    ,-253.077
497.051    ,-246.885
504.737    ,-240.686
512.432    ,-234.482
520.136    ,-228.272
527.848    ,-222.057
535.57     ,-215.836
543.299    ,-209.608
551.038    ,-203.376
558.786    ,-197.137
566.542    ,-190.892
574.308    ,-184.642
582.082    ,-178.386
589.865    ,-172.124
597.657    ,-165.856
605.458    ,-159.582
613.268    ,-153.302
621.087    ,-147.016
628.916    ,-140.724
636.753    ,-134.426
644.599    ,-128.122
652.455    ,-121.812
660.319    ,-115.497
668.193    ,-109.174
676.076    ,-102.846
683.968    ,-96.5121
691.869    ,-90.1718
699.78     ,-83.8253
707.7      ,-77.4726
715.629    ,-71.1138
723.568    ,-64.7487
731.516    ,-58.3774
739.474    ,-51.9999
747.44     ,-45.6161
755.417    ,-39.226
763.402    ,-32.8297
771.398    ,-26.427
779.402    ,-20.018
787.417    ,-13.6026
795.441    ,-7.18083
803.474    ,-0.752674
811.517    ,5.68189
819.57     ,12.1229
827.632    ,18.5703
835.705    ,25.0243
843.786    ,31.4847
851.878    ,37.9516
-128.103   ,-678.564
-121.92    ,-673.481
-115.73    ,-668.396
-109.535   ,-663.306
-103.334   ,-658.212
-97.1271   ,-653.115
-90.914    ,-648.014
-84.6949   ,-642.909
-78.4698   ,-637.801
-72.2386   ,-632.688
-9.34584   ,-24.0007
-9.17519   ,-23.8594
-9.00439   ,-23.7181
-8.83343   ,-23.5767
-8.66232   ,-23.4351
-8.49106   ,-23.2935
-8.31964   ,-23.1518
-8.14807   ,-23.01
-7.97634   ,-22.8681
-7.80445   ,-22.7261
46.4649    ,187.454
44.8677    ,186.139
43.2689    ,184.822
41.6687    ,183.505
40.0669    ,182.187
38.4636    ,180.868
36.8588    ,179.548
35.2525    ,178.227
33.6446    ,176.905
32.0352    ,175.582
30.4243    ,174.258
28.8118    ,172.933
27.1977    ,171.607
25.5821    ,170.28
23.965     ,168.952
22.3462    ,167.623
20.7259    ,166.293
19.1041    ,164.963
17.4806    ,163.631
15.8556    ,162.298
14.229     ,160.964
12.6008    ,159.629
10.9709    ,158.293
9.33952    ,156.957
7.70649    ,155.619
6.07185    ,154.28
4.4356     ,152.94
2.79771    ,151.599
1.1582     ,150.257
-0.48294   ,148.914
-2.12572   ,147.57
-3.77015   ,146.225
-5.41622   ,144.878
-7.06394   ,143.531
-8.71332   ,142.183
-10.3644   ,140.834
-12.0171   ,139.483
-13.6715   ,138.132
-15.3275   ,136.779
-16.9853   ,135.425
10.4779    ,-37.7709
10.9982    ,-37.3471
11.5191    ,-36.923
12.0406    ,-36.4986
12.5625    ,-36.0737
13.0851    ,-35.6486
13.6082    ,-35.2231
14.1318    ,-34.7972
14.656     ,-34.371
15.1807    ,-33.9444
15.706     ,-33.5174
16.2319    ,-33.0901
16.7583    ,-32.6625
17.2853    ,-32.2344
17.8128    ,-31.806
18.3409    ,-31.3773
18.8695    ,-30.9482
19.3988    ,-30.5187
19.9286    ,-30.0888
20.4589    ,-29.6586
-10.7381   ,-84.6224
-9.9145    ,-83.9467
-9.09013   ,-83.2705
-8.26495   ,-82.5937
-7.43897   ,-81.9165
-6.61218   ,-81.2388
-5.78458   ,-80.5605
-4.95616   ,-79.8818
-4.12692   ,-79.2025
-3.29686   ,-78.5227
-2.46598   ,-77.8423
-1.63427   ,-77.1615
-0.801739  ,-76.4801
0.0316246  ,-75.7982
0.865821   ,-75.1158
1.70085    ,-74.4328
2.53672    ,-73.7493
3.37343    ,-73.0653
4.21098    ,-72.3807
5.04938    ,-71.6956
5.88863    ,-71.0099
6.72872    ,-70.3237
7.56967    ,-69.637
8.41147    ,-68.9497
9.25413    ,-68.2618
10.0977    ,-67.5734
