1,50,1,0.913602,9.13473,
2,50,2,0.916189,25.6235,
3,50,3,0.918797,41.2406,
4,50,4,0.921427,55.9812,
5,50,5,0.924079,70.7642,
6,50,6,0.926753,85.5899,
7,50,7,0.929448,100.459,
8,50,8,0.932164,115.371,
9,50,9,0.934902,130.327,
10,50,0,1.94416,27.2047,
11,50,1,1.9498,58.3962,
12,50,2,1.9555,89.6788,
13,50,3,1.96123,121.053,
14,50,4,1.96702,144.653,
15,50,5,1.97285,168.323,
16,50,6,1.97872,192.063,
17,50,7,1.98464,215.874,
18,50,8,1.99061,243.736,
19,50,9,1.99662,271.681,
20,50,0,3.93838,47.235,
21,50,1,3.9501,102.523,
22,50,2,3.96192,157.976,
23,50,3,3.97382,213.595,
24,50,4,3.98581,269.383,
25,50,5,3.9979,325.339,
26,50,6,4.01007,381.466,
27,50,7,4.02234,449.824,
28,50,8,4.0347,518.392,
29,50,9,4.04715,587.171,
30,50,0,7.83277,125.251,
31,50,1,7.85664,266.625,
32,50,2,7.88068,408.431,
33,50,3,7.9049,550.672,
34,50,4,7.92929,693.353,
35,50,5,7.95387,820.572,
36,50,6,7.97862,948.187,
37,50,7,8.00356,1076.2,
38,50,8,8.02867,1204.62,
39,50,9,8.05395,1333.44,
40,50,0,15.8776,222.155,
41,50,1,15.927,476.903,
42,50,2,15.9767,732.446,
43,50,3,16.0268,988.79,
44,50,4,16.0773,1245.94,
45,50,5,16.1281,1503.9,
46,50,6,16.1792,1762.68,
47,50,7,16.2308,2022.29,
48,50,8,16.2826,2282.72,
49,50,9,16.3349,2543.99,
50,50,0,32.2096,450.669,
51,50,1,32.3118,967.487,
52,50,2,32.4147,1485.95,
53,50,3,32.5184,2006.07,
54,50,4,32.6227,2527.86,
55,50,5,32.7278,2985.87,
56,50,6,32.8336,3445.36,
57,50,7,32.94,3939.27,
58,50,8,33.0473,4467.83,
59,50,9,33.1552,4931.8,
60,50,0,65.7674,788.694,
61,50,1,65.98,1712.02,
62,50,2,66.194,2638.33,
63,50,3,66.4095,3567.66,
64,50,4,66.6264,4500.02,
65,50,5,66.8447,5435.44,
66,50,6,67.0644,6440.99,
67,50,7,67.2856,7517.15,
68,50,8,67.5083,8664.38,
69,50,9,67.7324,9747.68,
70,50,0,133.562,2135.75,
71,50,1,134.002,4546.98,
72,50,2,134.444,6966.18,
73,50,3,134.889,9393.38,
74,50,4,135.337,11828.7,
75,50,5,135.788,14272,
76,50,6,136.242,16723.6,
77,50,7,136.699,19183.3,
78,50,8,137.159,21651.4,
79,50,9,137.621,24127.7,
80,50,0,271.155,4335.94,
81,50,1,272.062,9231.44,
82,50,2,272.975,14143.4,
83,50,3,273.893,19071.8,
84,50,4,274.818,24016.9,
85,50,5,275.748,28978.7,
86,50,6,276.684,33957.3,
87,50,7,277.626,38952.9,
88,50,8,278.573,43965.6,
89,50,9,279.527,48995.4,
90,50,0,550.626,8804.87,
91,50,1,552.497,18746.5,
92,50,2,554.379,28722,
93,50,3,556.273,38731.6,
94,50,4,558.178,48775.4,
95,50,5,560.095,58853.7,
96,50,6,562.024,68966.8,
97,50,7,563.964,79114.7,
98,50,8,565.916,89297.8,
99,50,9,567.879,99516.2,
100,50,0,1118.4,17883.9,
101,50,1,1122.25,35834,
102,50,2,1126.13,51595.6,
103,50,3,1130.03,67411.7,
104,50,4,1133.96,83282.7,
105,50,5,1137.91,99209,
106,50,6,1141.88,115191,
107,50,7,1145.87,131229,
108,50,8,1149.89,147323,
109,50,9,1153.93,163473,
110,50,0,2271.09,27237.9,
111,50,1,2279.02,59135.3,
112,50,2,2287,91144.5,
113,50,3,2295.02,123266,
114,50,4,2303.1,155500,
115,50,5,2311.22,187848,
116,50,6,2319.38,220311,
117,50,7,2327.59,252888,
118,50,8,2335.86,285581,
119,50,9,2344.16,318390,
120,50,0,4615.65,55356.9,
121,50,1,4631.98,129451,
122,50,2,4648.4,203808,
123,50,3,4664.91,278429,
124,50,4,4681.53,353316,
125,50,5,4698.23,428470,
126,50,6,4715.03,503893,
127,50,7,4731.92,579586,
128,50,8,4748.91,650801,
129,50,9,4765.99,717505,
130,50,0,9321.43,111794,
131,50,1,9354.79,242724,
132,50,2,9388.34,374123,
133,50,3,9422.07,505994,
134,50,4,9455.99,638339,
135,50,5,9490.1,790125,
136,50,6,9524.4,961504,
137,50,7,9558.89,1.1335e+06,
138,50,8,9593.57,1.30613e+06,
139,50,9,9628.43,1.47938e+06,
140,50,0,18971,303355,
141,50,1,19039.6,645948,
142,50,2,19108.7,989784,
143,50,3,19178.1,1.33487e+06,
144,50,4,19247.9,1.70046e+06,
145,50,5,19318.1,2.0674e+06,
146,50,6,19388.6,2.4163e+06,
147,50,7,19459.6,2.76649e+06,
148,50,8,19530.9,3.11795e+06,
149,50,9,19602.6,3.47071e+06,
150,50,0,38572.1,616821,
151,50,1,38713.1,1.31348e+06,
152,50,2,38854.9,2.01269e+06,
153,50,3,38997.4,2.71447e+06,
154,50,4,39140.7,3.41882e+06,
155,50,5,39284.8,4.12577e+06,
156,50,6,39429.6,4.83532e+06,
157,50,7,39575.2,5.54749e+06,
158,50,8,39721.6,6.2623e+06,
159,50,9,39868.8,6.97975e+06,
160,50,0,78442,1.2544e+06,
161,50,1,78731.5,2.6712e+06,
162,50,2,79022.5,4.09324e+06,
163,50,3,79315.1,5.52055e+06,
164,50,4,79609.1,6.95315e+06,
165,50,5,79904.8,8.39107e+06,
166,50,6,80201.9,9.83433e+06,
167,50,7,80500.6,1.1283e+07,
168,50,8,80800.9,1.2737e+07,
169,50,9,81102.8,1.41965e+07,
170,50,0,159548,2.55139e+06,
171,50,1,160142,5.4332e+06,
172,50,2,160739,8.32576e+06,
173,50,3,161339,1.12291e+07,
174,50,4,161942,1.41433e+07,
175,50,5,162548,1.70685e+07,
176,50,6,163158,2.01677e+07,
177,50,7,163771,2.34423e+07,
178,50,8,164386,2.67292e+07,
179,50,9,165005,3.00285e+07,
180,50,0,326449,5.87295e+06,
181,50,1,327674,1.24248e+07,
182,50,2,328906,1.96584e+07,
183,50,3,330144,2.69191e+07,
184,50,4,331388,3.42073e+07,
185,50,5,332639,4.15229e+07,
186,50,6,333896,4.88662e+07,
187,50,7,335159,5.62373e+07,
188,50,8,336429,6.36363e+07,
189,50,9,337705,7.10633e+07,
190,50,0,664271,1.32777e+07,
191,50,1,666785,2.79422e+07,
192,50,2,669311,4.26621e+07,
193,50,3,671850,5.74379e+07,
194,50,4,674402,7.22698e+07,
195,50,5,676966,8.71581e+07,
196,50,6,679543,1.02103e+08,
197,50,7,682133,1.17105e+08,
198,50,8,684736,1.30795e+08,
199,50,9,687352,1.44536e+08,
200,50,0,1.35108e+06,2.29539e+07,
201,50,1,1.35623e+06,4.59988e+07,
202,50,2,1.3614e+06,6.77702e+07,
203,50,3,1.3666e+06,8.96247e+07,
204,50,4,1.37183e+06,1.11563e+08,
205,50,5,1.37708e+06,1.33585e+08,
206,50,6,1.38236e+06,1.55691e+08,
207,50,7,1.38767e+06,1.77883e+08,
208,50,8,1.393e+06,2.00159e+08,
209,50,9,1.39836e+06,2.21124e+08,
210,50,0,2.69797e+06,3.23545e+07,
211,50,1,2.70833e+06,7.02546e+07,
212,50,2,2.71874e+06,1.083e+08,
213,50,3,2.7292e+06,1.46492e+08,
214,50,4,2.73971e+06,1.87571e+08,
215,50,5,2.75028e+06,2.31558e+08,
216,50,6,2.76089e+06,2.75715e+08,
217,50,7,2.77156e+06,3.20042e+08,
218,50,8,2.78227e+06,3.64541e+08,
219,50,9,2.79304e+06,4.12006e+08,
220,50,0,5.56818e+06,8.34724e+07,
221,50,1,5.5897e+06,1.72872e+08,
222,50,2,5.61133e+06,2.62618e+08,
223,50,3,5.63307e+06,3.52711e+08,
224,50,4,5.6549e+06,4.43153e+08,
225,50,5,5.67685e+06,5.33946e+08,
226,50,6,5.69889e+06,6.25092e+08,
227,50,7,5.72105e+06,7.16592e+08,
228,50,8,5.74331e+06,8.08448e+08,
229,50,9,5.76567e+06,9.00661e+08,
230,50,0,1.1403e+07,1.59541e+08,
231,50,1,1.14473e+07,3.42625e+08,
232,50,2,1.14919e+07,5.26421e+08,
233,50,3,1.15367e+07,7.10933e+08,
234,50,4,1.15817e+07,8.96165e+08,
235,50,5,1.16269e+07,1.07049e+09,
236,50,6,1.16723e+07,1.23383e+09,
237,50,7,1.17179e+07,1.39781e+09,
238,50,8,1.17638e+07,1.56243e+09,
239,50,9,1.18098e+07,1.72769e+09,
240,50,0,2.30447e+07,2.76354e+08,
241,50,1,2.31349e+07,6.00097e+08,
242,50,2,2.32255e+07,9.25107e+08,
243,50,3,2.33165e+07,1.25139e+09,
244,50,4,2.34079e+07,1.62573e+09,
245,50,5,2.34998e+07,2.00154e+09,
246,50,6,2.35921e+07,2.37883e+09,
247,50,7,2.36848e+07,2.7576e+09,
248,50,8,2.3778e+07,3.13785e+09,
249,50,9,2.38716e+07,3.51961e+09,
250,50,0,4.69413e+07,6.56729e+08,
251,50,1,4.71261e+07,1.50463e+09,
252,50,2,4.73117e+07,2.35587e+09,
253,50,3,4.74981e+07,3.21046e+09,
254,50,4,4.76854e+07,4.06842e+09,
255,50,5,4.78736e+07,4.92977e+09,
256,50,6,4.80627e+07,5.79452e+09,
257,50,7,4.82526e+07,6.66269e+09,
258,50,8,4.84435e+07,7.53429e+09,
259,50,9,4.86351e+07,8.40933e+09,
260,50,0,9.55841e+07,1.52836e+09,
261,50,1,9.59623e+07,3.25492e+09,
262,50,2,9.63422e+07,4.98832e+09,
263,50,3,9.67239e+07,6.72859e+09,
264,50,4,9.71073e+07,8.47575e+09,
265,50,5,9.74925e+07,1.02298e+10,
266,50,6,9.78794e+07,1.20887e+10,
267,50,7,9.82682e+07,1.39549e+10,
268,50,8,9.86586e+07,1.57299e+10,
269,50,9,9.90509e+07,1.75119e+10,
270,50,0,1.94624e+08,3.11187e+09,
271,50,1,1.95398e+08,6.62728e+09,
272,50,2,1.96176e+08,1.01567e+10,
273,50,3,1.96957e+08,1.37001e+10,
274,50,4,1.97741e+08,1.72577e+10,
275,50,5,1.98529e+08,2.08294e+10,
276,50,6,1.99321e+08,2.44154e+10,
277,50,7,2.00116e+08,2.80157e+10,
278,50,8,2.00915e+08,3.16303e+10,
279,50,9,2.01718e+08,3.52594e+10,
280,50,0,3.96272e+08,6.33602e+09,
281,50,1,3.97855e+08,1.34938e+10,
282,50,2,3.99446e+08,2.06802e+10,
283,50,3,4.01044e+08,2.78954e+10,
284,50,4,4.02649e+08,3.51394e+10,
285,50,5,4.04261e+08,4.24124e+10,
286,50,6,4.0588e+08,4.97146e+10,
287,50,7,4.07507e+08,5.7046e+10,
288,50,8,4.09141e+08,6.3998e+10,
289,50,9,4.10783e+08,7.09779e+10,
290,50,0,7.97808e+08,1.11616e+10,
291,50,1,8.01011e+08,2.23697e+10,
292,50,2,8.04228e+08,3.36229e+10,
293,50,3,8.0746e+08,4.49213e+10,
294,50,4,8.10706e+08,5.62651e+10,
295,50,5,8.13966e+08,6.76545e+10,
296,50,6,8.17241e+08,7.99062e+10,
297,50,7,8.2053e+08,9.30269e+10,
298,50,8,8.23834e+08,1.062e+11,
299,50,9,8.27153e+08,1.19427e+11,
300,50,0,1.61451e+09,2.25865e+10,
301,50,1,1.62102e+09,4.85076e+10,
302,50,2,1.62756e+09,7.45332e+10,
303,50,3,1.63413e+09,1.00664e+11,
304,50,4,1.64073e+09,1.30179e+11,
305,50,5,1.64736e+09,1.61459e+11,
306,50,6,1.65401e+09,1.94517e+11,
307,50,7,1.6607e+09,2.27709e+11,
308,50,8,1.66742e+09,2.61035e+11,
309,50,9,1.67416e+09,2.94496e+11,
310,50,0,3.30953e+09,5.95258e+10,
311,50,1,3.32295e+09,1.25941e+11,
312,50,2,3.33642e+09,1.92625e+11,
313,50,3,3.34995e+09,2.52881e+11,
314,50,4,3.36354e+09,3.13381e+11,
315,50,5,3.37719e+09,3.74127e+11,
316,50,6,3.3909e+09,4.35119e+11,
317,50,7,3.40467e+09,4.96359e+11,
318,50,8,3.4185e+09,5.61267e+11,
319,50,9,3.43239e+09,6.2987e+11,
320,50,0,6.77408e+09,1.21841e+11,
321,50,1,6.80166e+09,2.57788e+11,
322,50,2,6.82937e+09,3.94288e+11,
323,50,3,6.8572e+09,5.31344e+11,
324,50,4,6.88514e+09,6.68958e+11,
325,50,5,6.91321e+09,8.07134e+11,
326,50,6,6.9414e+09,9.45873e+11,
327,50,7,6.96971e+09,1.08518e+12,
328,50,8,6.99815e+09,1.23205e+12,
329,50,9,7.0267e+09,1.38654e+12,
330,50,0,1.38678e+10,2.7715e+11,
331,50,1,1.39245e+10,5.83299e+11,
332,50,2,1.39815e+10,8.76721e+11,
333,50,3,1.40387e+10,1.15731e+12,
334,50,4,1.40962e+10,1.43904e+12,
335,50,5,1.41539e+10,1.72193e+12,
336,50,6,1.42118e+10,2.00597e+12,
337,50,7,1.427e+10,2.29118e+12,
338,50,8,1.43284e+10,2.57755e+12,
339,50,9,1.43871e+10,2.8651e+12,
340,50,0,2.8097e+10,5.33427e+11,
341,50,1,2.82124e+10,1.15367e+12,
342,50,2,2.83283e+10,1.77645e+12,
343,50,3,2.84447e+10,2.4018e+12,
344,50,4,2.85616e+10,3.02971e+12,
345,50,5,2.8679e+10,3.66021e+12,
346,50,6,2.87968e+10,4.2933e+12,
347,50,7,2.89152e+10,4.92898e+12,
348,50,8,2.90341e+10,5.56729e+12,
349,50,9,2.91535e+10,6.20821e+12,
350,50,0,5.74932e+10,1.14896e+12,
351,50,1,5.77303e+10,2.53359e+12,
352,50,2,5.79684e+10,3.92392e+12,
353,50,3,5.82075e+10,5.31999e+12,
354,50,4,5.84476e+10,6.72182e+12,
355,50,5,5.86887e+10,8.12943e+12,
356,50,6,5.89309e+10,9.54285e+12,
357,50,7,5.9174e+10,1.10803e+13,
358,50,8,5.94182e+10,1.26242e+13,
359,50,9,5.96634e+10,1.41744e+13,
360,50,0,1.17166e+11,2.80983e+12,
361,50,1,1.17651e+11,5.86671e+12,
362,50,2,1.18138e+11,8.93623e+12,
363,50,3,1.18627e+11,1.20185e+13,
364,50,4,1.19118e+11,1.51135e+13,
365,50,5,1.19611e+11,1.82213e+13,
366,50,6,1.20106e+11,2.13419e+13,
367,50,7,1.20603e+11,2.44755e+13,
368,50,8,1.21103e+11,2.76221e+13,
369,50,9,1.21604e+11,3.05384e+13,
370,50,0,2.38625e+11,5.24555e+12,
371,50,1,2.39616e+11,1.09921e+13,
372,50,2,2.40611e+11,1.67626e+13,
373,50,3,2.41611e+11,2.2557e+13,
374,50,4,2.42614e+11,2.83755e+13,
375,50,5,2.43622e+11,3.42181e+13,
376,50,6,2.44634e+11,4.0085e+13,
377,50,7,2.4565e+11,4.59763e+13,
378,50,8,2.4667e+11,5.1892e+13,
379,50,9,2.47695e+11,5.78323e+13,
380,50,0,4.86081e+11,1.06852e+13,
381,50,1,4.88107e+11,2.23912e+13,
382,50,2,4.90142e+11,3.36563e+13,
383,50,3,4.92185e+11,4.49682e+13,
384,50,4,4.94236e+11,5.68209e+13,
385,50,5,4.96296e+11,6.87244e+13,
386,50,6,4.98364e+11,8.06776e+13,
387,50,7,5.00441e+11,9.26806e+13,
388,50,8,5.02526e+11,1.04734e+14,
389,50,9,5.0462e+11,1.16837e+14,
390,50,0,9.98731e+11,2.19557e+13,
391,50,1,1.00291e+12,4.60103e+13,
392,50,2,1.0071e+12,7.01654e+13,
393,50,3,1.01131e+12,9.44215e+13,
394,50,4,1.01554e+12,1.18779e+14,
395,50,5,1.01978e+12,1.43238e+14,
396,50,6,1.02405e+12,1.678e+14,
397,50,7,1.02832e+12,1.92464e+14,
398,50,8,1.03262e+12,2.17231e+14,
399,50,9,1.03694e+12,2.42102e+14,
400,50,0,2.03487e+12,4.26998e+13,
401,50,1,2.0434e+12,8.7624e+13,
402,50,2,2.05197e+12,1.32736e+14,
403,50,3,2.06057e+12,1.78038e+14,
404,50,4,2.06921e+12,2.2353e+14,
405,50,5,2.07788e+12,2.69212e+14,
406,50,6,2.08659e+12,3.15085e+14,
407,50,7,2.09533e+12,3.61151e+14,
408,50,8,2.10411e+12,4.07409e+14,
409,50,9,2.11292e+12,4.53862e+14,
410,50,0,4.12707e+12,8.24774e+13,
411,50,1,4.14443e+12,1.73592e+14,
412,50,2,4.16185e+12,2.6509e+14,
413,50,3,4.17934e+12,3.56973e+14,
414,50,4,4.19691e+12,4.49242e+14,
415,50,5,4.21454e+12,5.41898e+14,
416,50,6,4.23225e+12,6.34944e+14,
417,50,7,4.25003e+12,7.2838e+14,
418,50,8,4.26788e+12,8.22209e+14,
419,50,9,4.2858e+12,9.16432e+14,
420,50,0,8.40945e+12,1.68058e+14,
421,50,1,8.44491e+12,3.53719e+14,
422,50,2,8.4805e+12,5.40162e+14,
423,50,3,8.51624e+12,7.27391e+14,
424,50,4,8.55213e+12,9.15408e+14,
425,50,5,8.58815e+12,1.10422e+15,
426,50,6,8.62433e+12,1.29382e+15,
427,50,7,8.66064e+12,1.48423e+15,
428,50,8,8.69711e+12,1.67543e+15,
429,50,9,8.73372e+12,1.87617e+15,
430,50,0,1.72156e+13,3.78461e+14,
431,50,1,1.72883e+13,7.9312e+14,
432,50,2,1.73614e+13,1.20953e+15,
433,50,3,1.74347e+13,1.6277e+15,
434,50,4,1.75084e+13,1.99515e+15,
435,50,5,1.75823e+13,2.34658e+15,
436,50,6,1.76565e+13,2.6995e+15,
437,50,7,1.77311e+13,3.05391e+15,
438,50,8,1.78059e+13,3.40981e+15,
439,50,9,1.7881e+13,3.76722e+15,
440,50,0,3.48911e+13,6.27579e+14,
441,50,1,3.50389e+13,1.32794e+15,
442,50,2,3.51872e+13,2.06641e+15,
443,50,3,3.53362e+13,2.84331e+15,
444,50,4,3.54857e+13,3.6235e+15,
445,50,5,3.56359e+13,4.40699e+15,
446,50,6,3.57866e+13,5.1938e+15,
447,50,7,3.5938e+13,5.98393e+15,
448,50,8,3.60899e+13,6.77741e+15,
449,50,9,3.62425e+13,7.57423e+15,
450,50,0,7.14675e+13,1.49972e+15,
451,50,1,7.17708e+13,3.22124e+15,
452,50,2,7.20753e+13,4.87805e+15,
453,50,3,7.2381e+13,6.46957e+15,
454,50,4,7.26879e+13,8.06783e+15,
455,50,5,7.2996e+13,9.67287e+15,
456,50,6,7.33054e+13,1.12847e+16,
457,50,7,7.36159e+13,1.29034e+16,
458,50,8,7.39277e+13,1.45289e+16,
459,50,9,7.42408e+13,1.61613e+16,
460,50,0,1.45629e+14,2.61955e+15,
461,50,1,1.46248e+14,5.54304e+15,
462,50,2,1.46869e+14,8.47896e+15,
463,50,3,1.47493e+14,1.14273e+16,
464,50,4,1.48119e+14,1.43882e+16,
465,50,5,1.48748e+14,1.73617e+16,
466,50,6,1.49379e+14,2.03478e+16,
467,50,7,1.50013e+14,2.33466e+16,
468,50,8,1.50649e+14,2.6358e+16,
469,50,9,1.51288e+14,2.93823e+16,
470,50,0,2.96862e+14,5.3399e+15,
471,50,1,2.98125e+14,1.12994e+16,
472,50,2,2.99393e+14,1.72843e+16,
473,50,3,3.00666e+14,2.32946e+16,
474,50,4,3.01944e+14,2.87265e+16,
475,50,5,3.03228e+14,3.41816e+16,
476,50,6,3.04516e+14,3.96598e+16,
477,50,7,3.05809e+14,4.51613e+16,
478,50,8,3.07108e+14,5.06862e+16,
479,50,9,3.08411e+14,5.62345e+16,
480,50,0,6.04829e+14,1.0879e+16,
481,50,1,6.07406e+14,2.30199e+16,
482,50,2,6.09993e+14,3.52126e+16,
483,50,3,6.1259e+14,4.74571e+16,
484,50,4,6.15198e+14,5.97538e+16,
485,50,5,6.17816e+14,7.21028e+16,
486,50,6,6.20444e+14,8.57455e+16,
487,50,7,6.23082e+14,9.94462e+16,
488,50,8,6.25731e+14,1.13205e+17,
489,50,9,6.2839e+14,1.27023e+17,
490,50,0,1.23351e+15,2.46533e+16,
491,50,1,1.23877e+15,5.43686e+16,
492,50,2,1.24405e+15,8.42106e+16,
493,50,3,1.24936e+15,1.1418e+17,
494,50,4,1.25468e+15,1.44277e+17,
495,50,5,1.26003e+15,1.74502e+17,
496,50,6,1.26539e+15,2.04856e+17,
497,50,7,1.27078e+15,2.35339e+17,
498,50,8,1.27619e+15,2.65952e+17,
499,50,9,1.28162e+15,2.94131e+17,
500,50,0,2.51445e+15,5.02532e+16,
501,50,1,2.52519e+15,1.05776e+17,
502,50,2,2.53597e+15,1.61535e+17,
503,50,3,2.54679e+15,2.17533e+17,
504,50,4,2.55766e+15,2.73769e+17,
505,50,5,2.56856e+15,3.30245e+17,
506,50,6,2.57951e+15,3.86962e+17,
507,50,7,2.59051e+15,4.43921e+17,
508,50,8,2.60154e+15,5.01122e+17,
509,50,9,2.61262e+15,5.58567e+17,
510,50,0,5.12559e+15,1.02439e+17,
511,50,1,5.14751e+15,2.15619e+17,
512,50,2,5.16951e+15,3.29284e+17,
513,50,3,5.1916e+15,4.43434e+17,
514,50,4,5.21377e+15,5.58071e+17,
515,50,5,5.23603e+15,6.73198e+17,
516,50,6,5.25838e+15,7.88817e+17,
517,50,7,5.28081e+15,9.04928e+17,
518,50,8,5.30334e+15,1.01624e+18,
519,50,9,5.32595e+15,1.1227e+18,
520,50,0,1.03982e+16,1.87039e+17,
521,50,1,1.04427e+16,3.95785e+17,
522,50,2,1.04874e+16,6.05424e+17,
523,50,3,1.05322e+16,8.1596e+17,
524,50,4,1.05773e+16,1.0274e+18,
525,50,5,1.06225e+16,1.23974e+18,
526,50,6,1.06679e+16,1.45298e+18,
527,50,7,1.07134e+16,1.66714e+18,
528,50,8,1.07592e+16,1.88221e+18,
529,50,9,1.08051e+16,2.0982e+18,
530,50,0,2.11991e+16,3.81322e+17,
531,50,1,2.12899e+16,7.8563e+17,
532,50,2,2.13811e+16,1.17031e+18,
533,50,3,2.14726e+16,1.55663e+18,
534,50,4,2.15645e+16,1.94461e+18,
535,50,5,2.16567e+16,2.33425e+18,
536,50,6,2.17493e+16,2.72555e+18,
537,50,7,2.18423e+16,3.11853e+18,
538,50,8,2.19356e+16,3.51318e+18,
539,50,9,2.20293e+16,3.90952e+18,
540,50,0,4.3448e+16,6.94707e+17,
541,50,1,4.36343e+16,1.567e+18,
542,50,2,4.38213e+16,2.44303e+18,
543,50,3,4.4009e+16,3.32282e+18,
544,50,4,4.41975e+16,4.20637e+18,
545,50,5,4.43867e+16,5.0937e+18,
546,50,6,4.45766e+16,5.98483e+18,
547,50,7,4.47672e+16,6.87977e+18,
548,50,8,4.49586e+16,7.77854e+18,
549,50,9,4.51507e+16,8.68115e+18,
550,50,0,8.86044e+16,1.59385e+18,
551,50,1,8.89844e+16,3.37274e+18,
552,50,2,8.93659e+16,5.15925e+18,
553,50,3,8.97489e+16,6.95343e+18,
554,50,4,9.01334e+16,8.75529e+18,
555,50,5,9.05193e+16,1.05649e+19,
556,50,6,9.09068e+16,1.2564e+19,
557,50,7,9.12958e+16,1.46629e+19,
558,50,8,9.16862e+16,1.68623e+19,
559,50,9,9.20782e+16,1.92551e+19,
560,50,0,1.83397e+17,4.39855e+18,
561,50,1,1.84184e+17,9.18485e+18,
562,50,2,1.84974e+17,1.39917e+19,
563,50,3,1.85767e+17,1.88191e+19,
564,50,4,1.86563e+17,2.36673e+19,
565,50,5,1.87362e+17,2.85362e+19,
566,50,6,1.88164e+17,3.34259e+19,
567,50,7,1.88969e+17,3.83366e+19,
568,50,8,1.89778e+17,4.32682e+19,
569,50,9,1.9059e+17,4.8221e+19,
570,50,0,3.73876e+17,8.96694e+18,
571,50,1,3.75481e+17,1.87244e+19,
572,50,2,3.77093e+17,2.85238e+19,
573,50,3,3.7871e+17,3.83651e+19,
574,50,4,3.80334e+17,4.82487e+19,
575,50,5,3.81965e+17,5.81747e+19,
576,50,6,3.83601e+17,6.81432e+19,
577,50,7,3.85244e+17,7.73837e+19,
578,50,8,3.86893e+17,8.58907e+19,
579,50,9,3.88549e+17,9.44341e+19,
580,50,0,7.61716e+17,1.52237e+19,
581,50,1,7.6499e+17,3.20443e+19,
582,50,2,7.68276e+17,4.89371e+19,
583,50,3,7.71574e+17,6.59024e+19,
584,50,4,7.74886e+17,8.21658e+19,
585,50,5,7.7821e+17,9.77208e+19,
586,50,6,7.81547e+17,1.14123e+20,
587,50,7,7.84897e+17,1.30596e+20,
588,50,8,7.88259e+17,1.4714e+20,
589,50,9,7.91635e+17,1.63754e+20,
590,50,0,1.5747e+18,3.14707e+19,
591,50,1,1.58148e+18,6.46616e+19,
592,50,2,1.58828e+18,9.79951e+19,
593,50,3,1.5951e+18,1.31472e+20,
594,50,4,1.60195e+18,1.66693e+20,
595,50,5,1.60883e+18,2.02065e+20,
596,50,6,1.61574e+18,2.39204e+20,
597,50,7,1.62267e+18,2.78122e+20,
598,50,8,1.62963e+18,3.17208e+20,
599,50,9,1.63661e+18,3.56461e+20,
600,50,0,3.27044e+18,6.536e+19,
601,50,1,3.28452e+18,1.37574e+20,
602,50,2,3.29866e+18,2.10099e+20,
603,50,3,3.31285e+18,2.82936e+20,
604,50,4,3.32709e+18,3.56086e+20,
605,50,5,3.34139e+18,4.2955e+20,
606,50,6,3.35575e+18,5.0333e+20,
607,50,7,3.37016e+18,5.77427e+20,
608,50,8,3.38463e+18,6.51842e+20,
609,50,9,3.39915e+18,7.26576e+20,
610,50,0,6.6673e+18,1.33247e+20,
611,50,1,6.69604e+18,2.80467e+20,
612,50,2,6.7249e+18,4.28321e+20,
613,50,3,6.75386e+18,5.6332e+20,
614,50,4,6.78293e+18,6.85348e+20,
615,50,5,6.81211e+18,8.07901e+20,
616,50,6,6.84141e+18,9.3098e+20,
617,50,7,6.87082e+18,1.05459e+21,
618,50,8,6.90034e+18,1.17872e+21,
619,50,9,6.92997e+18,1.30338e+21,
620,50,0,1.35804e+19,2.17126e+20,
621,50,1,1.3639e+19,4.62481e+20,
622,50,2,1.36979e+19,6.81509e+20,
623,50,3,1.37569e+19,8.87734e+20,
624,50,4,1.38162e+19,1.08104e+21,
625,50,5,1.38757e+19,1.27518e+21,
626,50,6,1.39354e+19,1.48407e+21,
627,50,7,1.39953e+19,1.70784e+21,
628,50,8,1.40555e+19,1.93258e+21,
629,50,9,1.41159e+19,2.15828e+21,
630,50,0,2.76788e+19,3.87197e+20,
631,50,1,2.77984e+19,8.31666e+20,
632,50,2,2.79184e+19,1.27805e+21,
633,50,3,2.80389e+19,1.72637e+21,
634,50,4,2.81598e+19,2.17661e+21,
635,50,5,2.82812e+19,2.68536e+21,
636,50,6,2.8403e+19,3.19631e+21,
637,50,7,2.85253e+19,3.70945e+21,
638,50,8,2.86481e+19,4.2248e+21,
639,50,9,2.87714e+19,4.74237e+21,
640,50,0,5.64724e+19,9.02887e+20,
641,50,1,5.67166e+19,1.92316e+21,
642,50,2,5.69616e+19,2.94784e+21,
643,50,3,5.72076e+19,3.97695e+21,
644,50,4,5.74545e+19,5.0105e+21,
645,50,5,5.77024e+19,6.04851e+21,
646,50,6,5.79512e+19,7.09099e+21,
647,50,7,5.8201e+19,8.13797e+21,
648,50,8,5.84517e+19,9.18945e+21,
649,50,9,5.87034e+19,1.02455e+22,
650,50,0,1.15149e+20,1.84101e+21,
651,50,1,1.15647e+20,3.92138e+21,
652,50,2,1.16147e+20,6.01075e+21,
653,50,3,1.16649e+20,8.10914e+21,
654,50,4,1.17153e+20,1.02166e+22,
655,50,5,1.17658e+20,1.22156e+22,
656,50,6,1.18166e+20,1.42232e+22,
657,50,7,1.18676e+20,1.63583e+22,
658,50,8,1.19187e+20,1.86217e+22,
659,50,9,1.19701e+20,2.10147e+22,
660,50,0,2.36168e+20,4.24826e+21,
661,50,1,2.3719e+20,8.98989e+21,
662,50,2,2.38216e+20,1.3752e+22,
663,50,3,2.39246e+20,1.85348e+22,
664,50,4,2.4028e+20,2.33382e+22,
665,50,5,2.41318e+20,2.81623e+22,
666,50,6,2.42359e+20,3.30073e+22,
667,50,7,2.43405e+20,3.78732e+22,
668,50,8,2.44455e+20,4.276e+22,
669,50,9,2.45509e+20,4.81589e+22,
670,50,0,4.81704e+20,9.62804e+21,
671,50,1,4.83788e+20,2.02669e+22,
672,50,2,4.85881e+20,3.09518e+22,
673,50,3,4.87982e+20,4.16829e+22,
674,50,4,4.9009e+20,5.24604e+22,
675,50,5,4.92207e+20,6.32844e+22,
676,50,6,4.94331e+20,7.41551e+22,
677,50,7,4.96464e+20,8.50727e+22,
678,50,8,4.98605e+20,9.50399e+22,
679,50,9,5.00754e+20,1.0505e+23,
680,50,0,9.81999e+20,1.76642e+22,
681,50,1,9.86249e+20,3.73795e+22,
682,50,2,9.90514e+20,5.71801e+22,
683,50,3,9.94796e+20,7.70663e+22,
684,50,4,9.99094e+20,9.70384e+22,
685,50,5,1.00341e+21,1.17097e+23,
686,50,6,1.00774e+21,1.37242e+23,
687,50,7,1.01209e+21,1.59496e+23,
688,50,8,1.01645e+21,1.81845e+23,
689,50,9,1.02083e+21,2.04292e+23,
690,50,0,2.00332e+21,4.00386e+22,
691,50,1,2.01199e+21,8.22685e+22,
692,50,2,2.02069e+21,1.22663e+23,
693,50,3,2.02943e+21,1.63231e+23,
694,50,4,2.0382e+21,2.03975e+23,
695,50,5,2.047e+21,2.44895e+23,
696,50,6,2.05584e+21,2.90099e+23,
697,50,7,2.06471e+21,3.35498e+23,
698,50,8,2.07361e+21,3.81093e+23,
699,50,9,2.08255e+21,4.26885e+23,
700,50,0,4.06668e+21,8.12771e+22,
701,50,1,4.08428e+21,1.71083e+23,
702,50,2,4.10195e+21,2.61277e+23,
703,50,3,4.11969e+21,3.51862e+23,
704,50,4,4.1375e+21,4.42838e+23,
705,50,5,4.15537e+21,5.34207e+23,
706,50,6,4.17331e+21,6.2597e+23,
707,50,7,4.19132e+21,7.1813e+23,
708,50,8,4.2094e+21,8.10687e+23,
709,50,9,4.22754e+21,9.03643e+23,
710,50,0,8.29213e+21,1.65728e+23,
711,50,1,8.32804e+21,3.65482e+23,
712,50,2,8.36408e+21,5.661e+23,
713,50,3,8.40026e+21,7.67586e+23,
714,50,4,8.43658e+21,9.69944e+23,
715,50,5,8.47304e+21,1.17318e+24,
716,50,6,8.50963e+21,1.37729e+24,
717,50,7,8.54637e+21,1.58228e+24,
718,50,8,8.58324e+21,1.77957e+24,
719,50,9,8.62025e+21,1.96047e+24,
720,50,0,1.67609e+22,3.01468e+23,
721,50,1,1.68336e+22,6.21108e+23,
722,50,2,1.69065e+22,9.25245e+23,
723,50,3,1.69796e+22,1.2307e+24,
724,50,4,1.70531e+22,1.53747e+24,
725,50,5,1.71268e+22,1.84557e+24,
726,50,6,1.72008e+22,2.13782e+24,
727,50,7,1.72751e+22,2.41408e+24,
728,50,8,1.73497e+22,2.69152e+24,
729,50,9,1.74246e+22,2.97016e+24,
730,50,0,3.37659e+22,4.72389e+23,
731,50,1,3.39123e+22,1.01469e+24,
732,50,2,3.40592e+22,1.55935e+24,
733,50,3,3.42068e+22,2.10636e+24,
734,50,4,3.43548e+22,2.65574e+24,
735,50,5,3.45034e+22,3.2075e+24,
736,50,6,3.46526e+22,3.69241e+24,
737,50,7,3.48024e+22,4.17941e+24,
738,50,8,3.49527e+22,4.66852e+24,
739,50,9,3.51036e+22,5.15974e+24,
740,50,0,6.88191e+22,8.25274e+23,
741,50,1,6.91175e+22,1.79247e+24,
742,50,2,6.94171e+22,2.76385e+24,
743,50,3,6.97178e+22,3.73944e+24,
744,50,4,7.00196e+22,4.71926e+24,
745,50,5,7.03226e+22,5.70331e+24,
746,50,6,7.06267e+22,6.76221e+24,
747,50,7,7.09319e+22,7.89658e+24,
748,50,8,7.12383e+22,9.03585e+24,
749,50,9,7.15459e+22,1.018e+25,
750,50,0,1.41421e+23,1.97857e+24,
751,50,1,1.42034e+23,4.53418e+24,
752,50,2,1.4265e+23,7.10087e+24,
753,50,3,1.43268e+23,9.67867e+24,
754,50,4,1.43888e+23,1.22676e+25,
755,50,5,1.4451e+23,1.48678e+25,
756,50,6,1.45135e+23,1.74792e+25,
757,50,7,1.45762e+23,2.01019e+25,
758,50,8,1.46392e+23,2.27359e+25,
759,50,9,1.47024e+23,2.53813e+25,
760,50,0,2.88501e+23,4.61317e+24,
761,50,1,2.89751e+23,9.82664e+24,
762,50,2,2.91006e+23,1.50627e+25,
763,50,3,2.92266e+23,2.09058e+25,
764,50,4,2.9353e+23,2.67741e+25,
765,50,5,2.948e+23,3.20788e+25,
766,50,6,2.96074e+23,3.74064e+25,
767,50,7,2.97352e+23,4.2757e+25,
768,50,8,2.98636e+23,4.81307e+25,
769,50,9,2.99925e+23,5.35276e+25,
770,50,0,5.8837e+23,9.99631e+24,
771,50,1,5.90918e+23,2.181e+25,
772,50,2,5.93476e+23,3.36748e+25,
773,50,3,5.96043e+23,4.5591e+25,
774,50,4,5.9862e+23,5.75586e+25,
775,50,5,6.01207e+23,6.9578e+25,
776,50,6,6.03804e+23,8.16493e+25,
777,50,7,6.06411e+23,9.37727e+25,
778,50,8,6.09027e+23,1.05948e+26,
779,50,9,6.11654e+23,1.18177e+26,
780,50,0,1.20611e+24,2.16967e+25,
781,50,1,1.21134e+24,4.59137e+25,
782,50,2,1.21658e+24,7.02356e+25,
783,50,3,1.22184e+24,9.46626e+25,
784,50,4,1.22712e+24,1.19195e+26,
785,50,5,1.23242e+24,1.43834e+26,
786,50,6,1.23774e+24,1.68579e+26,
787,50,7,1.24308e+24,1.92187e+26,
788,50,8,1.24844e+24,2.14648e+26,
789,50,9,1.25382e+24,2.37207e+26,
790,50,0,2.44617e+24,3.91129e+25,
791,50,1,2.45676e+24,8.33139e+25,
792,50,2,2.46739e+24,1.27706e+26,
793,50,3,2.47806e+24,1.7229e+26,
794,50,4,2.48877e+24,2.22046e+26,
795,50,5,2.49951e+24,2.69516e+26,
796,50,6,2.5103e+24,3.1468e+26,
797,50,7,2.52114e+24,3.60039e+26,
798,50,8,2.53201e+24,4.05594e+26,
799,50,9,2.54292e+24,4.51345e+26,
800,50,0,4.96144e+24,7.93306e+25,
801,50,1,4.98292e+24,1.68981e+26,
802,50,2,5.00447e+24,2.5402e+26,
803,50,3,5.02611e+24,3.34406e+26,
804,50,4,5.04782e+24,4.15139e+26,
805,50,5,5.06962e+24,4.96221e+26,
806,50,6,5.09151e+24,5.67472e+26,
807,50,7,5.11347e+24,6.39032e+26,
808,50,8,5.13552e+24,7.10899e+26,
809,50,9,5.15766e+24,7.83077e+26,
810,50,0,1.00435e+25,1.40518e+26,
811,50,1,1.0087e+25,3.01839e+26,
812,50,2,1.01306e+25,4.63858e+26,
813,50,3,1.01744e+25,6.26577e+26,
814,50,4,1.02183e+25,7.89999e+26,
815,50,5,1.02625e+25,9.54126e+26,
816,50,6,1.03068e+25,1.11896e+27,
817,50,7,1.03512e+25,1.28451e+27,
818,50,8,1.03959e+25,1.45077e+27,
819,50,9,1.04407e+25,1.61775e+27,
820,50,0,2.0484e+25,3.27543e+26,
821,50,1,2.05726e+25,7.38854e+26,
822,50,2,2.06616e+25,1.15194e+27,
823,50,3,2.07509e+25,1.56682e+27,
824,50,4,2.08405e+25,2.02513e+27,
825,50,5,2.09305e+25,2.48542e+27,
826,50,6,2.10209e+25,2.9477e+27,
827,50,7,2.11115e+25,3.41197e+27,
828,50,8,2.12025e+25,3.87824e+27,
829,50,9,2.12939e+25,4.34652e+27,
830,50,0,4.18028e+25,8.35543e+26,
831,50,1,4.19836e+25,1.75882e+27,
832,50,2,4.2165e+25,2.68608e+27,
833,50,3,4.23472e+25,3.61735e+27,
834,50,4,4.253e+25,4.55264e+27,
835,50,5,4.27136e+25,5.49197e+27,
836,50,6,4.28978e+25,6.43535e+27,
837,50,7,4.30828e+25,7.3828e+27,
838,50,8,4.32684e+25,8.33432e+27,
839,50,9,4.34548e+25,9.28995e+27,
840,50,0,8.52476e+25,1.70391e+27,
841,50,1,8.56162e+25,3.58672e+27,
842,50,2,8.59861e+25,5.47767e+27,
843,50,3,8.63575e+25,7.37678e+27,
844,50,4,8.67303e+25,9.28409e+27,
845,50,5,8.71045e+25,1.11996e+28,
846,50,6,8.74801e+25,1.31234e+28,
847,50,7,8.78571e+25,1.50555e+28,
848,50,8,8.82356e+25,1.69959e+28,
849,50,9,8.86156e+25,1.89447e+28,
850,50,0,1.73843e+26,3.47473e+27,
851,50,1,1.74594e+26,7.31429e+27,
852,50,2,1.75349e+26,1.11704e+28,
853,50,3,1.76106e+26,1.50432e+28,
854,50,4,1.76866e+26,1.89327e+28,
855,50,5,1.77628e+26,2.2839e+28,
856,50,6,1.78394e+26,2.67622e+28,
857,50,7,1.79163e+26,3.07022e+28,
858,50,8,1.79935e+26,3.46592e+28,
859,50,9,1.80709e+26,3.86332e+28,
860,50,0,3.54511e+26,7.08587e+27,
861,50,1,3.56043e+26,1.49157e+28,
862,50,2,3.5758e+26,2.27794e+28,
863,50,3,3.59124e+26,3.0677e+28,
864,50,4,3.60673e+26,3.89695e+28,
865,50,5,3.62229e+26,4.69354e+28,
866,50,6,3.6379e+26,5.49356e+28,
867,50,7,3.65357e+26,6.29703e+28,
868,50,8,3.6693e+26,7.10396e+28,
869,50,9,3.6851e+26,7.91436e+28,
870,50,0,7.26216e+26,1.52414e+28,
871,50,1,7.29353e+26,3.20116e+28,
872,50,2,7.32503e+26,4.81227e+28,
873,50,3,7.35664e+26,6.43033e+28,
874,50,4,7.38837e+26,8.05537e+28,
875,50,5,7.42022e+26,9.68741e+28,
876,50,6,7.4522e+26,1.13265e+29,
877,50,7,7.48429e+26,1.29726e+29,
878,50,8,7.51651e+26,1.46259e+29,
879,50,9,7.54885e+26,1.62862e+29,
880,50,0,1.48088e+27,2.6641e+28,
881,50,1,1.48728e+27,5.78634e+28,
882,50,2,1.49369e+27,9.07125e+28,
883,50,3,1.50013e+27,1.25202e+29,
884,50,4,1.5066e+27,1.61344e+29,
885,50,5,1.51309e+27,1.97642e+29,
886,50,6,1.5196e+27,2.34096e+29,
887,50,7,1.52614e+27,2.70707e+29,
888,50,8,1.53271e+27,3.07476e+29,
889,50,9,1.5393e+27,3.45942e+29,
890,50,0,3.0617e+27,7.34361e+28,
891,50,1,3.07492e+27,1.53352e+29,
892,50,2,3.08818e+27,2.33614e+29,
893,50,3,3.10149e+27,3.14221e+29,
894,50,4,3.11486e+27,3.88945e+29,
895,50,5,3.12827e+27,4.57733e+29,
896,50,6,3.14174e+27,5.26817e+29,
897,50,7,3.15526e+27,5.96199e+29,
898,50,8,3.16883e+27,6.65879e+29,
899,50,9,3.18245e+27,7.35858e+29,
900,50,0,6.2374e+27,1.24665e+29,
901,50,1,6.26433e+27,2.62412e+29,
902,50,2,6.29135e+27,4.00754e+29,
903,50,3,6.31848e+27,5.39692e+29,
904,50,4,6.34571e+27,6.79229e+29,
905,50,5,6.37305e+27,8.19367e+29,
906,50,6,6.40049e+27,9.60109e+29,
907,50,7,6.42804e+27,1.10146e+30,
908,50,8,6.45569e+27,1.24341e+30,
909,50,9,6.48345e+27,1.38598e+30,
910,50,0,1.27182e+28,2.54194e+29,
911,50,1,1.27731e+28,5.0955e+29,
912,50,2,1.28282e+28,7.66009e+29,
913,50,3,1.28836e+28,1.02357e+30,
914,50,4,1.29391e+28,1.28225e+30,
915,50,5,1.29949e+28,1.54204e+30,
916,50,6,1.30508e+28,1.80295e+30,
917,50,7,1.3107e+28,2.06498e+30,
918,50,8,1.31634e+28,2.32814e+30,
919,50,9,1.322e+28,2.59243e+30,
920,50,0,2.59305e+28,4.66457e+29,
921,50,1,2.60425e+28,9.87092e+29,
922,50,2,2.61549e+28,1.50997e+30,
923,50,3,2.62677e+28,2.03511e+30,
924,50,4,2.63809e+28,2.53616e+30,
925,50,5,2.64946e+28,3.0659e+30,
926,50,6,2.66087e+28,3.59792e+30,
927,50,7,2.67233e+28,4.13224e+30,
928,50,8,2.68382e+28,4.66885e+30,
929,50,9,2.69537e+28,5.20777e+30,
930,50,0,5.26191e+28,9.46622e+29,
931,50,1,5.28462e+28,2.10885e+30,
932,50,2,5.30741e+28,3.27609e+30,
933,50,3,5.33029e+28,4.44836e+30,
934,50,4,5.35326e+28,5.62568e+30,
935,50,5,5.37632e+28,6.86177e+30,
936,50,6,5.39947e+28,8.21109e+30,
937,50,7,5.4227e+28,9.62045e+30,
938,50,8,5.44602e+28,1.10359e+31,
939,50,9,5.46944e+28,1.24574e+31,
940,50,0,1.08338e+29,2.59854e+30,
941,50,1,1.08806e+29,5.42639e+30,
942,50,2,1.09275e+29,8.04789e+30,
943,50,3,1.09746e+29,1.04613e+31,
944,50,4,1.10218e+29,1.29953e+31,
945,50,5,1.10693e+29,1.55403e+31,
946,50,6,1.11169e+29,1.79851e+31,
947,50,7,1.11647e+29,2.04405e+31,
948,50,8,1.12127e+29,2.29065e+31,
949,50,9,1.12609e+29,2.5383e+31,
950,50,0,2.20769e+29,3.97158e+30,
951,50,1,2.21721e+29,8.40461e+30,
952,50,2,2.22677e+29,1.28567e+31,
953,50,3,2.23637e+29,1.73281e+31,
954,50,4,2.246e+29,2.18186e+31,
955,50,5,2.25567e+29,2.63286e+31,
956,50,6,2.26537e+29,3.08579e+31,
957,50,7,2.27512e+29,3.54067e+31,
958,50,8,2.2849e+29,4.04319e+31,
959,50,9,2.29471e+29,4.54786e+31,
960,50,0,4.50388e+29,9.00265e+30,
961,50,1,4.52329e+29,1.89508e+31,
962,50,2,4.54278e+29,2.89418e+31,
963,50,3,4.56235e+29,3.85197e+31,
964,50,4,4.58199e+29,4.76808e+31,
965,50,5,4.6017e+29,5.68813e+31,
966,50,6,4.62149e+29,6.61213e+31,
967,50,7,4.64135e+29,7.54011e+31,
968,50,8,4.6613e+29,8.47207e+31,
969,50,9,4.68131e+29,9.40804e+31,
970,50,0,9.1366e+29,1.64365e+31,
971,50,1,9.17597e+29,3.47827e+31,
972,50,2,9.21549e+29,5.32079e+31,
973,50,3,9.25516e+29,7.17124e+31,
974,50,4,9.29499e+29,9.02966e+31,
975,50,5,9.33496e+29,1.08961e+32,
976,50,6,9.37509e+29,1.27705e+32,
977,50,7,9.41537e+29,1.4653e+32,
978,50,8,9.45581e+29,1.65435e+32,
979,50,9,9.4964e+29,1.84422e+32,
980,50,0,1.8633e+30,3.35202e+31,
981,50,1,1.87132e+30,7.09349e+31,
982,50,2,1.87938e+30,1.08511e+32,
983,50,3,1.88746e+30,1.46248e+32,
984,50,4,1.89558e+30,1.84148e+32,
985,50,5,1.90373e+30,2.22211e+32,
986,50,6,1.91191e+30,2.60437e+32,
987,50,7,1.92012e+30,2.98827e+32,
988,50,8,1.92837e+30,3.37382e+32,
989,50,9,1.93664e+30,3.76103e+32,
990,50,0,3.79993e+30,6.83598e+31,
991,50,1,3.81629e+30,1.44662e+32,
992,50,2,3.83271e+30,2.21292e+32,
993,50,3,3.84919e+30,2.98251e+32,
994,50,4,3.86574e+30,3.75542e+32,
995,50,5,3.88235e+30,4.53165e+32,
996,50,6,3.89903e+30,5.31121e+32,
997,50,7,3.91577e+30,6.01578e+32,
998,50,8,3.93257e+30,6.72337e+32,
999,50,9,3.94944e+30,7.434e+32,
1000,50,0,7.7457e+30,1.23856e+32,
1001,50,1,7.77904e+30,2.71605e+32,
1002,50,2,7.8125e+30,4.27803e+32,
1003,50,3,7.84609e+30,5.76826e+32,
1004,50,4,7.87982e+30,7.18609e+32,
1005,50,5,7.91367e+30,8.76809e+32,
1006,50,6,7.94765e+30,1.03569e+33,
1007,50,7,7.98176e+30,1.19525e+33,
1008,50,8,8.016e+30,1.35549e+33,
1009,50,9,8.05038e+30,1.51643e+33,
1010,50,0,1.58e+31,2.84212e+32,
1011,50,1,1.5868e+31,6.01424e+32,
1012,50,2,1.59362e+31,9.2e+32,
1013,50,3,1.60048e+31,1.23995e+33,
1014,50,4,1.60735e+31,1.56127e+33,
1015,50,5,1.61426e+31,1.88397e+33,
1016,50,6,1.62119e+31,2.20806e+33,
1017,50,7,1.62815e+31,2.53354e+33,
1018,50,8,1.63514e+31,2.86041e+33,
1019,50,9,1.64215e+31,3.20509e+33,
1020,50,0,3.23808e+31,6.47173e+32,
1021,50,1,3.25202e+31,1.36225e+33,
1022,50,2,3.26601e+31,2.0804e+33,
1023,50,3,3.28006e+31,2.80163e+33,
1024,50,4,3.29417e+31,3.52597e+33,
1025,50,5,3.30832e+31,4.22037e+33,
1026,50,6,3.32254e+31,4.88456e+33,
1027,50,7,3.3368e+31,5.5516e+33,
1028,50,8,3.35112e+31,6.2215e+33,
1029,50,9,3.3655e+31,6.89427e+33,
1030,50,0,6.5678e+31,1.18142e+33,
1031,50,1,6.5961e+31,2.5e+33,
1032,50,2,6.6245e+31,3.82427e+33,
1033,50,3,6.65302e+31,5.15423e+33,
1034,50,4,6.68164e+31,6.48992e+33,
1035,50,5,6.71037e+31,7.83134e+33,
1036,50,6,6.73921e+31,9.17854e+33,
1037,50,7,6.76816e+31,1.05315e+34,
1038,50,8,6.79723e+31,1.18903e+34,
1039,50,9,6.8264e+31,1.33231e+34,
1040,50,0,1.34602e+32,2.69016e+33,
1041,50,1,1.35182e+32,5.52731e+33,
1042,50,2,1.35765e+32,8.24088e+33,
1043,50,3,1.36349e+32,1.09661e+34,
1044,50,4,1.36936e+32,1.37031e+34,
1045,50,5,1.37525e+32,1.64519e+34,
1046,50,6,1.38116e+32,1.92124e+34,
1047,50,7,1.3871e+32,2.19849e+34,
1048,50,8,1.39306e+32,2.47692e+34,
1049,50,9,1.39904e+32,2.75655e+34,
1050,50,0,2.73005e+32,4.36489e+33,
1051,50,1,2.74183e+32,9.29728e+33,
1052,50,2,2.75366e+32,1.42509e+34,
1053,50,3,2.76552e+32,1.92259e+34,
1054,50,4,2.77744e+32,2.42224e+34,
1055,50,5,2.7894e+32,2.92403e+34,
1056,50,6,2.8014e+32,3.48402e+34,
1057,50,7,2.81346e+32,4.04642e+34,
1058,50,8,2.82555e+32,4.61123e+34,
1059,50,9,2.8377e+32,5.17847e+34,
1060,50,0,5.56965e+32,1.00185e+34,
1061,50,1,5.59369e+32,2.12e+34,
1062,50,2,5.61783e+32,3.24297e+34,
1063,50,3,5.64206e+32,4.37079e+34,
1064,50,4,5.66638e+32,5.50347e+34,
1065,50,5,5.69079e+32,6.64103e+34,
1066,50,6,5.7153e+32,7.78349e+34,
1067,50,7,5.7399e+32,8.93086e+34,
1068,50,8,5.7646e+32,1.00832e+35,
1069,50,9,5.78939e+32,1.12404e+35,
1070,50,0,1.13567e+33,2.0428e+34,
1071,50,1,1.14058e+33,4.32276e+34,
1072,50,2,1.1455e+33,6.61255e+34,
1073,50,3,1.15044e+33,8.91223e+34,
1074,50,4,1.15541e+33,1.12218e+35,
1075,50,5,1.16039e+33,1.35414e+35,
1076,50,6,1.16539e+33,1.58709e+35,
1077,50,7,1.1704e+33,1.82105e+35,
1078,50,8,1.17544e+33,2.05601e+35,
1079,50,9,1.1805e+33,2.29199e+35,
1080,50,0,2.3157e+33,4.16539e+34,
1081,50,1,2.32571e+33,8.81435e+34,
1082,50,2,2.33575e+33,1.34834e+35,
1083,50,3,2.34583e+33,1.81726e+35,
1084,50,4,2.35596e+33,2.26466e+35,
1085,50,5,2.36611e+33,2.69033e+35,
1086,50,6,2.37631e+33,3.11784e+35,
1087,50,7,2.38655e+33,3.5472e+35,
1088,50,8,2.39683e+33,3.9784e+35,
1089,50,9,2.40714e+33,4.41146e+35,
1090,50,0,4.69453e+33,7.50605e+34,
1091,50,1,4.71483e+33,1.59883e+35,
1092,50,2,4.7352e+33,2.45072e+35,
1093,50,3,4.75565e+33,3.30629e+35,
1094,50,4,4.77618e+33,4.16555e+35,
1095,50,5,4.79678e+33,5.02852e+35,
1096,50,6,4.81747e+33,5.8952e+35,
1097,50,7,4.83823e+33,6.76563e+35,
1098,50,8,4.85907e+33,7.6398e+35,
1099,50,9,4.87999e+33,8.51774e+35,
1100,50,0,9.57307e+33,1.53063e+35,
1101,50,1,9.61447e+33,3.26033e+35,
1102,50,2,9.65602e+33,5.19042e+35,
1103,50,3,9.69774e+33,7.12885e+35,
1104,50,4,9.73961e+33,9.27031e+35,
1105,50,5,9.78165e+33,1.1421e+36,
1106,50,6,9.82384e+33,1.3581e+36,
1107,50,7,9.86619e+33,1.57503e+36,
1108,50,8,9.90871e+33,1.79289e+36,
1109,50,9,9.95138e+33,2.0117e+36,
1110,50,0,1.95354e+34,3.90428e+35,
1111,50,1,1.962e+34,8.21815e+35,
1112,50,2,1.97048e+34,1.21571e+36,
1113,50,3,1.979e+34,1.61131e+36,
1114,50,4,1.98755e+34,1.98874e+36,
1115,50,5,1.99613e+34,2.34783e+36,
1116,50,6,2.00474e+34,2.70848e+36,
1117,50,7,2.01339e+34,3.07068e+36,
1118,50,8,2.02207e+34,3.43444e+36,
1119,50,9,2.03078e+34,3.77948e+36,
1120,50,0,3.93842e+34,5.50982e+35,
1121,50,1,3.95547e+34,1.1835e+36,
1122,50,2,3.97259e+34,1.81876e+36,
1123,50,3,3.98977e+34,2.45676e+36,
1124,50,4,4.00702e+34,3.17761e+36,
1125,50,5,4.02433e+34,3.98199e+36,
1126,50,6,4.04171e+34,4.78984e+36,
1127,50,7,4.05915e+34,5.60118e+36,
1128,50,8,4.07666e+34,6.41602e+36,
1129,50,9,4.09423e+34,7.23437e+36,
1130,50,0,8.04023e+34,1.44618e+36,
1131,50,1,8.07506e+34,3.06021e+36,
1132,50,2,8.11001e+34,4.68124e+36,
1133,50,3,8.1451e+34,6.30927e+36,
1134,50,4,8.18032e+34,7.94435e+36,
1135,50,5,8.21568e+34,9.58649e+36,
1136,50,6,8.25117e+34,1.12357e+37,
1137,50,7,8.28679e+34,1.30577e+37,
1138,50,8,8.32255e+34,1.48874e+37,
1139,50,9,8.35845e+34,1.67251e+37,
1140,50,0,1.6401e+35,3.27773e+36,
1141,50,1,1.64721e+35,6.89927e+36,
1142,50,2,1.65434e+35,1.05365e+37,
1143,50,3,1.66151e+35,1.41895e+37,
1144,50,4,1.66869e+35,1.78582e+37,
1145,50,5,1.67591e+35,2.12077e+37,
1146,50,6,1.68315e+35,2.45716e+37,
1147,50,7,1.69043e+35,2.795e+37,
1148,50,8,1.69773e+35,3.1343e+37,
1149,50,9,1.70505e+35,3.47507e+37,
1150,50,0,3.34221e+35,6.01119e+36,
1151,50,1,3.35671e+35,1.27198e+37,
1152,50,2,3.37127e+35,1.97947e+37,
1153,50,3,3.38588e+35,2.72389e+37,
1154,50,4,3.40054e+35,3.50553e+37,
1155,50,5,3.41526e+35,4.29056e+37,
1156,50,6,3.43004e+35,5.07899e+37,
1157,50,7,3.44487e+35,5.90528e+37,
1158,50,8,3.45976e+35,6.73513e+37,
1159,50,9,3.47471e+35,7.56858e+37,
